SMILES,CID (canonical),series,r_inhibition_at_20_uM,r_inhibition_at_50_uM,r_IC50,f_inhibition_at_20_uM,f_inhibition_at_50_uM,f_avg_IC50,f_avg_pIC50,ASSAYED
Cc1ccc(NC(=O)Nc2cccnc2)s1,DAR-DIA-842b4336-3,3-aminopyridine-like,2.6175,28.585,,1.901842,11.320110000000001,,,True
O=C(Nc1cccnc1)Nc1ccc(Cl)s1,DAR-DIA-842b4336-4,3-aminopyridine-like,0.0,35.74,,8.8541305,23.74839,,,True
Cc1coc(NC(=O)Nc2cccnc2)n1,DAR-DIA-842b4336-7,3-aminopyridine-like,2.7575,8.515,,2.9070655,8.855559,,,True
O=C(Cc1ccc(Cl)s1)Nc1cccnc1,DAR-DIA-842b4336-13,3-aminopyridine-like,0.0,,,0.92202215,11.50041,,,True
Cc1cnc(CC(=O)Nc2cccnc2)o1,DAR-DIA-842b4336-16,3-aminopyridine-like,0.0,0.0,,,-9.906875,,,True
Cc1ccc(NC(=O)Cc2cc3cccnc3[nH]2)s1,DAR-DIA-842b4336-18,3-aminopyridine-like,,7.423525196,,23.743935,8.2806935,,,True
N#Cc1cccc(NC(=O)Cc2c[nH]c3ncccc23)c1,DAR-DIA-23aa0b97-1,3-aminopyridine-like,0.0,,,2.74304045,2.9103890000000003,,,True
N#Cc1cncc(NC(=O)Cc2c[nH]c3ncccc23)c1,DAR-DIA-23aa0b97-2,3-aminopyridine-like,,0.0,,-0.3835140000000001,0.07752800000000004,,,True
N#Cc1cccc(NC(=O)Nc2cccnc2)c1,DAR-DIA-23aa0b97-5,3-aminopyridine-like,0.0,,,6.212941000000001,10.279247,,,True
N#Cc1cncc(NC(=O)Cc2cccnc2)c1,DAR-DIA-23aa0b97-6,3-aminopyridine-like,,0.0,,0.2160645000000001,-0.06091500000000005,,,True
N#Cc1cccc(NC(=O)Nc2cncc(N)c2)c1,DAR-DIA-23aa0b97-8,3-aminopyridine-like,9.085,48.40000000000001,,,57.24191999999999,54.272963984987776,4.265416459843516,True
N#Cc1cccc(NC(=O)Nc2c[nH]c3ncccc23)c1,DAR-DIA-23aa0b97-11,3-aminopyridine-like,0.0,19.905,,,47.31524,63.55492520404372,4.196850788051664,True
O=C(Cc1c[nH]c2ncccc12)Nc1cccc(Cl)c1,DAR-DIA-23aa0b97-12,3-aminopyridine-like,0.0,,,5.9493315,9.3436955,,,True
Nc1cncc(NC(=O)Nc2cccc(Cl)c2)c1,DAR-DIA-23aa0b97-13,3-aminopyridine-like,15.185,39.42,,,14.95938,,,True
O=C(Nc1cccnc1)Nc1cccc(Cl)c1,DAR-DIA-23aa0b97-14,3-aminopyridine-like,,44.05982376331718,,12.85786,30.92173,,,True
O=C(Nc1cccnc1)Nc1cncc(Cl)c1,DAR-DIA-23aa0b97-15,3-aminopyridine-like,0.0,-0.07499999999999996,,,16.82187,,,True
N#Cc1cncc(CC(=O)Nc2cccnc2)c1,DAR-DIA-23aa0b97-17,3-aminopyridine-like,6.5775000000000015,12.695,,6.610398,21.805805,,,True
N#Cc1cccc(NC(=O)Cc2cncc3ccccc23)c1,DAR-DIA-23aa0b97-19,3-aminopyridine-like,68.21000000000001,85.16,14.64109075330777,48.73152500000001,73.019885,26.68012917803707,4.573812072012878,True
O=C(Cc1cncc2ccccc12)Nc1ccccc1,DAR-DIA-23aa0b97-20,3-aminopyridine-like,27.82,62.475,45.077469206238916,31.64337,57.79387,57.469669686673186,4.24056129901503,True
CNCCC(C(=O)Nc1cccnc1)c1ccccc1,ADA-UNI-f8e79267-5,3-aminopyridine-like,,2.1940968935,,-5.69205,1.5463741000000002,,,True
N#Cc1cccc(NC(=O)Nc2cccnc2)c1,DAR-DIA-23aa0b97-5,3-aminopyridine-like,0.0,,,6.212941000000001,10.279247,,,True
N#Cc1cc(Cl)cc(NC(=O)Nc2cccnc2)c1,WAR-XCH-eb7b662f-2,3-aminopyridine-like,6.7825000000000015,36.54,,23.03763,43.902085,99.01,,True
Cc1cc(Cl)cc(NC(=O)Nc2cccnc2)c1,WAR-XCH-eb7b662f-5,3-aminopyridine-like,0.0,35.39,,,12.72043,,,True
O=C(Nc1cccnc1)Nc1cccc(Cl)c1,DAR-DIA-23aa0b97-14,3-aminopyridine-like,,44.05982376331718,,12.85786,30.92173,,,True
N#Cc1ccc(NC(=O)Nc2cccnc2)cc1,ANN-UNI-26382800-3,3-aminopyridine-like,0.0,,,5.8158525,11.555689999999998,,,True
N#Cc1cccc(NC(=O)Nc2cccnc2)c1,DAR-DIA-23aa0b97-5,3-aminopyridine-like,0.0,,,6.212941000000001,10.279247,,,True
N#Cc1cccc(CC(=O)Nc2cccnc2)c1,ANN-UNI-26382800-5,3-aminopyridine-like,0.0,11.54,,11.40413,24.96099,,,True
COc1cccc(NC(=O)Nc2cccc(C#N)c2)c1,ANN-UNI-26382800-6,3-aminopyridine-like,0.0,2.485,,5.1061144999999994,9.794888,,,True
Cc1cccc(CC(=O)Nc2cccnc2C#N)c1,AGN-NEW-c7b24fe3-3,3-aminopyridine-like,0.0,,,8.399017,-5.939392,,,True
N#Cc1ncccc1NC(=O)Cc1cccc(Cl)c1,AGN-NEW-c7b24fe3-4,3-aminopyridine-like,0.0,0.0,,-10.232289999999999,-15.721029999999999,,,True
Cc1ncncc1NC(=O)Nc1ccccc1,HAN-NEW-5f56c3bc-1,3-aminopyridine-like,6.04,20.105,,-2.0625485,-0.6277824000000001,,,True
O=C(CC1(c2ccccc2)CCCC1)Nc1cccnc1,CHR-SOS-f7373dd1-4,3-aminopyridine-like,0.0,13.88,,,3.982564,,,True
C=CC(=O)N(c1ccc2ncsc2c1)C(C(=O)Nc1ccc(OC)cc1C)c1cccnc1,LON-WEI-b8d98729-1,3-aminopyridine-like,0.0,,,3.2135925000000003,11.321835,,,True
C=CC(=O)N(c1ccc(SC)cc1)C(C(=O)Nc1c(C)cccc1CC)c1cccnc1,LON-WEI-b8d98729-2,3-aminopyridine-like,0.0,,,11.082635,24.534565,,,True
CC(=O)N1CCN(CC(=O)Nc2cccc(S(N)(=O)=O)c2)CC1,LON-WEI-b8d98729-4,3-aminopyridine-like,0.0,,,-3.1208099999999996,2.6341365000000003,,,True
C=CC(=O)N(c1ccc(C(C)OC)cc1)C(C(=O)Nc1ccc(OC)cc1C)c1cccnc1,LON-WEI-b8d98729-8,3-aminopyridine-like,0.0,,,2.909986,6.899891,,,True
C=CC(=O)N(c1ccc2ncsc2c1)C(C(=O)Nc1ccc(Br)cc1)c1cccnc1,LON-WEI-b8d98729-9,3-aminopyridine-like,3.05427925,,,17.384325,34.855450000000005,,,True
C=CC(=O)N(c1ccc(N(C)C)c(C)c1)C(C(=O)Nc1ccc(Cl)cc1)c1cccnc1,LON-WEI-b8d98729-11,3-aminopyridine-like,0.0,,,4.2636449999999995,12.105545,,,True
C=CC(=O)N(c1ccc(S(F)(F)(F)(F)F)cc1)C(C(=O)Nc1ccc(OC)cc1)c1cccnc1,LON-WEI-b8d98729-12,3-aminopyridine-like,10.353172485,,,15.69979,30.56822,,,True
C=CC(=O)N(c1ccc(N(C)C)c(C)c1)C(C(=O)Nc1ccccc1Br)c1cccnc1,LON-WEI-b8d98729-13,3-aminopyridine-like,0.0,,,2.8423830000000003,8.125432,,,True
C=CC(=O)N(c1ccc(N(C)C)c(C)c1)C(C(=O)Nc1ccc(Br)cc1)c1cccnc1,LON-WEI-b8d98729-14,3-aminopyridine-like,0.0,,,3.4472285000000005,3.4251834999999997,,,True
C=CC(=O)N(c1cc(C(C)(C)C)on1)C(C(=O)Nc1cccc(CC)c1)c1cccnc1,LON-WEI-b8d98729-15,3-aminopyridine-like,6.7860531265,,,15.58244,43.080275,99.01,,True
C=CC(=O)N(c1ccc(N(C)C)c(C)c1)C(C(=O)Nc1cccc(CC)c1)c1cccnc1,LON-WEI-b8d98729-16,3-aminopyridine-like,0.0,,,7.0478900000000015,11.734435000000001,,,True
C=CC(=O)N(c1ccc(C(C)OC)cc1)C(C(=O)Nc1cccc(CC)c1)c1cccnc1,LON-WEI-b8d98729-17,3-aminopyridine-like,4.444303831,,99.0,36.569340000000004,63.733785,66.38703474922445,4.177916729166141,True
C=CC(=O)N(c1ccc(C(C)C)nc1)C(C(=O)Nc1c(C)cccc1CC)c1cccnc1,LON-WEI-b8d98729-18,3-aminopyridine-like,0.0,,,5.6132675,12.477995,,,True
C=CC(=O)N(c1ccc(C(C)OC)cc1)C(C(=O)Nc1ccccc1Br)c1cccnc1,LON-WEI-b8d98729-19,3-aminopyridine-like,0.0,,,3.0428534,9.734811500000001,,,True
C=CC(=O)N(c1cc(C(C)(C)C)n[nH]1)C(C(=O)Nc1c(C)cccc1CC)c1cccnc1,LON-WEI-b8d98729-20,3-aminopyridine-like,0.0,,,4.0468147000000005,4.7055155,,,True
C=CC(=O)N(c1cc(C(C)(C)C)n[nH]1)C(C(=O)Nc1ccc(Cl)cc1)c1cccnc1,LON-WEI-b8d98729-21,3-aminopyridine-like,0.0,,,6.1170335,19.534229999999997,,,True
C=CC(=O)N(c1ccc(C(C)OC)cc1)C(C(=O)Nc1ccc(Cl)cc1)c1cccnc1,LON-WEI-b8d98729-22,3-aminopyridine-like,0.0,,,12.27796,26.09074,,,True
C=CC(=O)N(c1ccc(SC)cc1)C(C(=O)Nc1ccc(Cl)cc1)c1cccnc1,LON-WEI-b8d98729-24,3-aminopyridine-like,9.39703267,,,16.89356,32.28805,,,True
C=CC(=O)N(c1ccc2ncsc2c1)C(C(=O)Nc1ccc(OC)cc1)c1cccnc1,LON-WEI-b8d98729-25,3-aminopyridine-like,0.0,,,4.018394,15.369845000000002,,,True
C=CC(=O)N(c1ccc(C(C)C)nc1)C(C(=O)Nc1ccc(OC)cc1C)c1cccnc1,LON-WEI-b8d98729-26,3-aminopyridine-like,0.0,,,6.5587765000000005,10.390333,,,True
C=CC(=O)N(c1ccc(C(F)(F)F)cc1)C(C(=O)Nc1ccc(OC)cc1)c1cccnc1,LON-WEI-b8d98729-27,3-aminopyridine-like,59.98080035,,26.94728405764048,40.32765000000001,60.67628000000001,45.99567281660222,4.33728302397643,True
C=CC(=O)N(c1ccc(S(F)(F)(F)(F)F)cc1)C(C(=O)Nc1ccc(OC)cc1C)c1cccnc1,LON-WEI-b8d98729-28,3-aminopyridine-like,0.0,,,5.5228815,12.22758,,,True
C=CC(=O)N(c1ccc(S(F)(F)(F)(F)F)cc1)C(C(=O)Nc1c(C)cccc1CC)c1cccnc1,LON-WEI-b8d98729-29,3-aminopyridine-like,4.6923625775,,,3.132201,7.068751,,,True
C=CC(=O)N(c1ccc(N(C)C)c(C)c1)C(C(=O)Nc1ccc(OC)cc1C)c1cccnc1,LON-WEI-b8d98729-30,3-aminopyridine-like,0.0,,,2.5093175,7.00835,,,True
C=CC(=O)N(c1ccc(C(C)(C)CC)cc1)C(C(=O)Nc1ccc(Cl)cc1)c1cccnc1,LON-WEI-b8d98729-33,3-aminopyridine-like,11.254126943,,,16.53021,22.655935,,,True
C=CC(=O)N(c1ccc(C(C)(C)CC)cc1)C(C(=O)Nc1ccc(Br)cc1)c1cccnc1,LON-WEI-b8d98729-35,3-aminopyridine-like,0.0,,,8.3185375,18.35956,,,True
C=CC(=O)N(c1ccc(C(C)(C)CC)cc1)C(C(=O)Nc1cccc(F)c1C)c1cccnc1,LON-WEI-b8d98729-36,3-aminopyridine-like,3.7850863275,,,16.262435,31.816609999999997,,,True
C=CC(=O)N(c1ccc(C(F)(F)F)cc1)C(C(=O)Nc1ccc(OC)cc1C)c1cccnc1,LON-WEI-b8d98729-37,3-aminopyridine-like,11.0318425125,,,7.0595355,25.435879999999997,,,True
C=CC(=O)N(c1ccc2ncsc2c1)C(C(=O)Nc1cccc(CC)c1)c1cccnc1,LON-WEI-b8d98729-38,3-aminopyridine-like,16.633092689999998,,32.03061411909359,33.876555,59.258365000000005,59.02153277403574,4.228989516173539,True
C=CC(=O)N(c1ccc(C(F)(F)F)cc1)C(C(=O)Nc1c(C)cccc1CC)c1cccnc1,LON-WEI-b8d98729-39,3-aminopyridine-like,23.933745075,,,22.265165000000003,38.632575,97.78883490712116,4.009710728188184,True
C=CC(=O)N(c1ccc(SC)cc1)C(C(=O)Nc1ccc(OC)cc1C)c1cccnc1,LON-WEI-b8d98729-40,3-aminopyridine-like,0.0,,,8.266012,22.24457,,,True
C=CC(=O)N(c1ccc(C(F)(F)F)cc1)C(C(=O)Nc1ccccc1Br)c1cccnc1,LON-WEI-b8d98729-41,3-aminopyridine-like,9.599967044,,,15.601375,22.04782,,,True
C=CC(=O)N(c1ccc(N(C)C)c(C)c1)C(C(=O)Nc1c(C)cccc1CC)c1cccnc1,LON-WEI-b8d98729-42,3-aminopyridine-like,0.0,,,6.402893,13.24039,,,True
C=CC(=O)N(c1cc(C(C)(C)C)on1)C(C(=O)Nc1ccc(OC)cc1C)c1cccnc1,LON-WEI-b8d98729-43,3-aminopyridine-like,14.308904645,,,12.87613,23.43133,,,True
C=CC(=O)N(c1ccc2ncsc2c1)C(C(=O)Nc1ccc(Cl)cc1)c1cccnc1,LON-WEI-b8d98729-44,3-aminopyridine-like,2.5704526530000003,,,8.954919,25.263735,,,True
C=CC(=O)N(c1ccc(C(C)OC)cc1)C(C(=O)Nc1c(C)cccc1CC)c1cccnc1,LON-WEI-b8d98729-45,3-aminopyridine-like,0.0,,,5.9039575,3.935542,,,True
C=CC(=O)N(c1cc(C(C)(C)C)on1)C(C(=O)Nc1c(C)cccc1CC)c1cccnc1,LON-WEI-b8d98729-46,3-aminopyridine-like,1.4898559085,,,7.333488000000001,21.050805,,,True
C=CC(=O)N(c1ccc(SC)cc1)C(C(=O)Nc1ccc(OC)cc1)c1cccnc1,LON-WEI-b8d98729-47,3-aminopyridine-like,0.0,,,13.534070000000002,27.046190000000003,,,True
C=CC(=O)N(c1ccc2ncsc2c1)C(C(=O)Nc1c(C)cccc1CC)c1cccnc1,LON-WEI-b8d98729-48,3-aminopyridine-like,0.0,,,7.673316000000001,10.6954605,,,True
CC(=O)N1CCN(CC(=O)Nc2cccc(S(N)(=O)=O)c2)CC1,LON-WEI-b8d98729-4,3-aminopyridine-like,0.0,,,-3.1208099999999996,2.6341365000000003,,,True
O=C(Nc1ccc(Oc2ncccn2)cc1)C(=O)N1CCN(Cc2cccs2)CC1,MAK-UNK-b1d4dcd7-3,3-aminopyridine-like,0.0,,,-20.9558,-13.82419,,,True
CS(=O)(=O)NCC[C@H]1CCCCN1CC(=O)Nc1cccnc1,BEN-DND-362d364a-10,3-aminopyridine-like,-1.62,-1.205,,,48.92015,,,True
Cc1ccncc1NC(=O)Nc1ccccc1,ALE-HEI-f28a35b5-1,3-aminopyridine-like,0.0,-0.17999999999999994,,,21.06202,,,True
Cc1nnc(NC(=O)Nc2cccnc2)s1,ALE-HEI-f28a35b5-4,3-aminopyridine-like,4.62,8.86,,1.18513685,7.324259,,,True
Cc1nnc(CC(=O)Nc2cccnc2)s1,ALE-HEI-f28a35b5-5,3-aminopyridine-like,-1.825,0.0,,-1.16065575,-0.0293793,,,True
Cc1ccccc1CNc1ccccc1NC(=O)C(O)c1cccnc1,BAR-COM-4e090d3a-3,3-aminopyridine-like,4.5875,35.735,,-0.056002549999999984,7.280471500000001,,,True
O=C(Cc1cncnc1)Nc1cccc(CCCc2ccccc2)c1,BAR-COM-4e090d3a-11,3-aminopyridine-like,0.0,0.0,,1.12288025,10.109647,,,True
N#Cc1cnn(-c2ccccc2NC(=O)Cc2ccn[nH]2)c1N,BAR-COM-4e090d3a-14,3-aminopyridine-like,0.0,,,-9.143885000000001,2.959074,,,True
O=C(Cc1cccnc1Cl)Nc1cccc(OCCc2ccccc2)c1,BAR-COM-4e090d3a-15,3-aminopyridine-like,0.0,5.025,,1.542335,6.898822999999999,,,True
CCc1nnnn1-c1ccccc1NC(=O)C1(c2cncc(Br)c2)CC1,BAR-COM-4e090d3a-16,3-aminopyridine-like,0.0,0.0,,,10.204080000000001,,,True
CC(C(=O)Nc1cccc(NC2CCCC2)c1)c1cnccn1,BAR-COM-4e090d3a-20,3-aminopyridine-like,0.0,-2.145,,-2.7667655,0.913150745,,,True
NC(=O)C1Cc2ccccc2N(CC(=O)Nc2cnccn2)C1,BAR-COM-4e090d3a-21,3-aminopyridine-like,0.0,0.0,,0.02920250000000024,6.1933570000000016,,,True
O=C(Cc1cccnc1Br)Nc1cccc(OCCn2cncn2)c1,BAR-COM-4e090d3a-35,3-aminopyridine-like,0.0,0.0,,,-21.715870000000002,,,True
O=C(Cc1cncnc1)Nc1cccc(OC2CC(=O)N2)c1,BAR-COM-4e090d3a-39,3-aminopyridine-like,-2.075,8.105,,7.8632979999999995,22.773735000000002,,,True
CC(C(=O)Nc1cccc(OC2CC(=O)N2)c1)c1cnccn1,BAR-COM-4e090d3a-53,3-aminopyridine-like,0.0,0.0,,,16.96057,,,True
O=C(Nc1ccccc1NS(=O)(=O)c1ccc(F)cc1)C(O)c1cccnc1,BAR-COM-4e090d3a-57,3-aminopyridine-like,0.0,0.0,,,49.7127,,,True
CC(c1cccc(NC(=O)Cc2cnccc2Cl)c1)N1CCOCC1,BAR-COM-4e090d3a-66,3-aminopyridine-like,0.0,3.865,,2.1187109,3.916605,,,True
O=C(Nc1cccc(-c2cc[nH]n2)c1)C(O)c1cccnc1,BAR-COM-4e090d3a-68,3-aminopyridine-like,0.0,0.0,,,10.38241,,,True
N#Cc1cccc(NC(=O)Nc2cccnc2)c1,DAR-DIA-23aa0b97-5,3-aminopyridine-like,0.0,,,6.212941000000001,10.279247,,,True
Cc1ccncc1NC(=O)c1cccc(NC(=O)Nc2cccnc2)c1,MAK-UNK-129dcd6f-9,3-aminopyridine-like,2.3777708824086474,1.2709463879521792,,,-23.32078,,,True
Cc1ccncc1NC(=O)c1ccc(NC(=O)Nc2cccnc2)cc1,MAK-UNK-129dcd6f-12,3-aminopyridine-like,3.0970616523530907,0.0,,,-23.02358,,,True
N#Cc1ccc(Nc2ccc(NC(=O)Nc3cccnc3)cc2)nc1,MAK-UNK-30aad1f1-12,3-aminopyridine-like,0.0,0.0,,-1.3067280000000001,-3.6965660000000002,,,True
C=C(C(=O)Nc1ccccc1)c1cccnc1,BEN-DND-031a96cc-8,3-aminopyridine-like,0.0,,,-18.00844,-18.74687,,,True
C=CC(=O)N(c1ccc(N(C)C)c(C)c1)C(C(=O)Nc1ccc(OC)cc1)c1cccnc1,LON-WEI-8f408cad-10,3-aminopyridine-like,0.0,2.05,,2.561375,7.050717500000001,,,True
Cc1ccncc1NC(=O)Nc1ccccc1,ALE-HEI-f28a35b5-1,3-aminopyridine-like,0.0,-0.17999999999999994,,,21.06202,,,True
Cc1ccncc1NC(=O)Cc1ccccc1,TRY-UNI-714a760b-5,3-aminopyridine-like,-0.6299999999999999,16.1,,8.187834500000001,19.47383,,,True
Cc1ccncc1NC(=O)Cc1cccc(Cl)c1,TRY-UNI-714a760b-6,3-aminopyridine-like,20.025239300000006,,13.895164921785092,61.634345,81.75695999999999,24.56661919544255,4.609654606067284,True
Cc1ccncc1NC(=O)Nc1cccc(Cl)c1,TRY-UNI-714a760b-12,3-aminopyridine-like,25.5825,64.13499999999999,45.68926278614792,32.14497,58.708675,64.41361051443023,4.191022357069093,True
Cc1ccncc1NC(=O)C(C)C1CCCCC1,TRY-UNI-714a760b-16,3-aminopyridine-like,,0.0,,9.2934345,18.376635,,,True
Cc1ccncc1NC(=O)C(C)c1cccc(Cl)c1,TRY-UNI-714a760b-18,3-aminopyridine-like,20.37830295,,12.967693108434078,58.02024,78.712695,26.179637691562505,4.582036368084879,True
Cc1ccncc1NC(=O)Cc1cccc(C#N)c1,TRY-UNI-714a760b-20,3-aminopyridine-like,20.495,52.68000000000001,43.847050990618925,33.561645,58.318794999999994,61.330272009433386,4.212325109143683,True
Cc1ccncc1NC(=O)C(C)c1cccc(C#N)c1,TRY-UNI-714a760b-22,3-aminopyridine-like,21.0225,58.415,45.3119234238456,35.40893,61.41119499999999,54.94210369958992,4.260094715726666,True
Cc1ccncc1NC(=O)Nc1cccc(C#N)c1,TRY-UNI-714a760b-24,3-aminopyridine-like,23.7925,55.705,49.329213054573174,19.37242,44.289915,99.01,,True
N#Cc1cncc(NC(=O)Nc2cccnc2)c1,CHR-SOS-363cfb78-1,3-aminopyridine-like,,17.43921131066469,,7.0689069999999985,17.066025,,,True
Cc1ccncc1NC(=O)Nc1cncc(C#N)c1,CHR-SOS-363cfb78-2,3-aminopyridine-like,,15.54,,3.673195,3.96325,,,True
Cc1ccnc(NC(=O)Cc2ccc3ccccc3c2)c1,ALV-UNI-7ff1a6f9-45,3-aminopyridine-like,0.0,,,3.570383,8.233209,,,True
O=C(Cc1ccc2ccccc2c1)Nc1cc(C(F)(F)F)ccn1,ALV-UNI-7ff1a6f9-46,3-aminopyridine-like,10.9925,29.335,,-2.5522446000000003,3.4262504999999996,,,True
COc1ccnc(NC(=O)Cc2ccc3ccccc3c2)c1,ALV-UNI-7ff1a6f9-47,3-aminopyridine-like,0.0,17.05,,3.4712445,6.0932985,,,True
Cc1ccncc1NC(=O)Cc1ccc2nc[nH]c2c1,GAB-REV-70cc3ca5-18,3-aminopyridine-like,0.0,0.0,,-2.241022,4.267136,,,True
Cc1ccncc1NC(=O)Cc1ccc(S(N)(=O)=O)cc1,GAB-REV-70cc3ca5-20,3-aminopyridine-like,6.415,-0.9400000000000002,,4.7612595,10.89574,,,True
N#Cc1ccc(NC(=O)Nc2cccnc2)cc1,ANN-UNI-26382800-3,3-aminopyridine-like,0.0,,,5.8158525,11.555689999999998,,,True
O=C(Nc1cccnc1)N(CCN1CCOCC1)c1cccc(Cl)c1,JOR-UNI-2fc98d0b-6,3-aminopyridine-like,,59.3594388636461,,24.350455,49.6179,,,True
O=C(Nc1cccnc1)Nc1cccc(Cl)c1,DAR-DIA-23aa0b97-14,3-aminopyridine-like,,44.05982376331718,,12.85786,30.92173,,,True
O=C(Nc1cccnc1)N(CCC1CCCCC1)c1cccc(Cl)c1,JOR-UNI-2fc98d0b-12,3-aminopyridine-like,,78.94465384426447,,83.33063,88.791675,3.0566719642303646,5.5147511663667546,True
C=CC(=O)N(c1ccc(C(C)(C)C)cc1)C(C(=O)NC1CC(C(=O)OC)C1)c1cccnc1,LON-WEI-adc59df6-1,3-aminopyridine-like,0.0,0.0,,5.695664,4.242857,,,True
C=CC(=O)N(c1ccc(C(C)(C)C)cc1)C(C(=O)Nc1ccc2c(c1)OCCO2)c1cccnc1,LON-WEI-adc59df6-4,3-aminopyridine-like,7.675063767866262,30.765444333455115,,2.828568,18.070079999999997,,,True
C=CC(=O)N(c1ccc(C(C)(C)C)cc1)C(C(=O)N[C@H]1CC[C@@H](C(=O)OC)C1)c1cccnc1,LON-WEI-adc59df6-6,3-aminopyridine-like,0.0,6.959133874998193,,7.310613,22.161189999999998,,,True
C=CC(=O)N(c1ccc(C(C)(C)C)cc1)C(C(=O)NC1CCCCC1)c1cccnc1,LON-WEI-adc59df6-8,3-aminopyridine-like,0.0,18.563245965745924,,13.34339,17.809070000000002,,,True
C=CC(=O)N(c1ccc(C(C)(C)C)cc1)C(C(=O)NC1CCC1)c1cccnc1,LON-WEI-adc59df6-14,3-aminopyridine-like,0.0,51.94343540195218,,6.161206,11.98804,,,True
C=CC(=O)N(c1ccc(C(C)(C)C)cc1)C(C(=O)Nc1ccc(F)cc1C)c1cccnc1,LON-WEI-adc59df6-16,3-aminopyridine-like,,1.370825841,,5.6117155,13.863864999999999,,,True
C=CC(=O)N(c1ccc(C(C)(C)C)cc1)C(C(=O)Nc1ccccc1OC)c1cccnc1,LON-WEI-adc59df6-18,3-aminopyridine-like,0.0,25.42037351920504,,26.26619,44.234359999999995,,,True
C=CC(=O)N(c1ccc(C(C)(C)C)cc1)C(C(=O)NC1CCCC1)c1cccnc1,LON-WEI-adc59df6-35,3-aminopyridine-like,0.0,1.6767437114194266,,-10.46988,-12.77713,,,True
C=CC(=O)N(c1ccc(C(C)(C)C)cc1)C(C(=O)Nc1ccc(OC)nc1)c1cccnc1,LON-WEI-adc59df6-37,3-aminopyridine-like,0.0,0.0,,1.0755620000000001,13.399289999999999,,,True
C=CC(=O)N(c1ccc(C(C)(C)C)cc1)C(C(=O)NC1CCOCC1)c1cccnc1,LON-WEI-adc59df6-39,3-aminopyridine-like,0.8409547847832002,31.08869107901318,,9.005827,0.6676884,,,True
C=CC(=O)N(c1ccc(C(C)(C)C)cc1)C(C(=O)Nc1ccc(F)cc1)c1cccnc1,LON-WEI-adc59df6-41,3-aminopyridine-like,8.549901693531325,31.91366290004415,,16.96499,35.96716,,,True
C=CC(=O)N(c1ccc(C(C)(C)C)cc1)C(C(=O)Nc1ccc2c(c1)OCO2)c1cccnc1,LON-WEI-adc59df6-43,3-aminopyridine-like,,100.0,,41.057629999999996,60.383215,36.06806763615854,4.442877124591358,True
C=CC(=O)N(c1ccc(C(C)(C)C)cc1)C(C(=O)NC1CC1)c1cccnc1,LON-WEI-adc59df6-44,3-aminopyridine-like,8.669871958666803,33.304028462348015,,25.405739999999998,32.95042,,,True
C=CC(=O)N(c1ccc(C(C)(C)C)cc1)C(C(=O)Nc1ccc(OC)cc1OC)c1cccnc1,LON-WEI-adc59df6-45,3-aminopyridine-like,5.0293563187595325,45.87330743918001,,48.913999999999994,41.627340000000004,6.474407770575732,5.188799951375524,True
CN(C(=O)Cn1nnc2ccccc21)c1ccc(Oc2ccc(C(F)(F)F)cn2)cc1,AAR-POS-8a4e0f60-7,3-aminopyridine-like,,19.206494216027004,,30.19718,59.367865,37.832368521171496,4.422136468554594,True
CN(C(=O)Cc1noc2ccccc12)c1ccc(NC(=O)OC(C)(C)C)cc1,AAR-POS-8a4e0f60-9,3-aminopyridine-like,0.0,,,-14.470329999999999,-11.94555,,,True
C=CC(=O)N(c1ccc(C2(C)CC2)cc1)C(C(=O)Nc1ccc(Cl)cc1)c1cccnc1,LON-WEI-d1c9908a-2,3-aminopyridine-like,0.0,-0.6699999999999999,,,-9.807806,,,True
C=CC(=O)N(c1ccc(C(C)(C)C)cc1)C(C(=O)Nc1ccc(OC)cc1C)c1cccnc1,LON-WEI-d1c9908a-3,3-aminopyridine-like,0.0,-2.2500000000000018,,,22.44898,99.03000000000002,,True
C=CC(=O)N(c1ccc(C2(C)CC2)cc1)C(C(=O)Nc1ccc(OC)cc1C)c1cccnc1,LON-WEI-d1c9908a-4,3-aminopyridine-like,0.0,0.0,,,6.082821,,,True
C=CC(=O)N(c1ccc(C2(C)CC2)cc1)C(C(=O)Nc1ccc(OC)cc1)c1cccnc1,LON-WEI-d1c9908a-5,3-aminopyridine-like,0.0,0.0,,,12.60155,,,True
C=CC(=O)N(c1ccc(C2(C)CC2)cc1)C(C(=O)Nc1cccc(CC)c1)c1cccnc1,LON-WEI-d1c9908a-6,3-aminopyridine-like,4.5299999999999985,47.21,,,21.022389999999998,99.03000000000002,,True
C=CC(=O)N(c1ccc(C(C)(C)C)cc1)C(C(=O)Nc1ccc(OC)cc1)c1cccnc1,LON-WEI-d1c9908a-7,3-aminopyridine-like,0.0,0.0,,,12.04676,,,True
C=CC(=O)N(c1ccc(C2(C)CC2)cc1)C(C(=O)Nc1c(C)cccc1CC)c1cccnc1,LON-WEI-d1c9908a-8,3-aminopyridine-like,0.0,20.395,,,20.94313,,,True
C=CC(=O)N(c1ccc(C(C)(C)C)cc1)C(C(=O)Nc1cccc(F)c1C)c1cccnc1,LON-WEI-d1c9908a-9,3-aminopyridine-like,0.0,0.0,,,-14.820689999999999,,,True
C=CC(=O)N(c1ccc(C(C)(C)C)cc1)C(C(=O)Nc1c(C)cccc1CC)c1cccnc1,LON-WEI-d1c9908a-10,3-aminopyridine-like,0.0,0.0,,,-3.744799,,,True
C=CC(=O)N(c1ccc(C2(C)CC2)cc1)C(C(=O)Nc1ccc(Br)cc1)c1cccnc1,LON-WEI-d1c9908a-11,3-aminopyridine-like,2.51,67.75,19.43059241679732,,47.05766,83.65200055298044,4.077523668344971,True
C=CC(=O)N(c1ccc(C(C)(C)CC)cc1)C(C(=O)Nc1ccccc1Br)c1cccnc1,LON-WEI-d1c9908a-12,3-aminopyridine-like,0.0,8.025,,,-11.47216,,,True
C=CC(=O)N(c1ccc(C2(C)CC2)cc1)C(C(=O)Nc1cccc(F)c1C)c1cccnc1,LON-WEI-d1c9908a-13,3-aminopyridine-like,0.0,1.04,,,34.65425,,,True
CCC(C(=O)Nc1cnncc1C)c1cccc(Cl)c1,JAN-GHE-83b26c96-1,3-aminopyridine-like,,0.0,,2.53556505,1.1459735,,,True
CC(=O)Nc1ccncc1NC(=O)C(C)c1cccc(Cl)c1,JAN-GHE-83b26c96-2,3-aminopyridine-like,,21.545250815,,14.44519,44.615305,,,True
CC(C(=O)Nc1cnccc1-n1cccn1)c1cccc(Cl)c1,JAN-GHE-83b26c96-3,3-aminopyridine-like,,4.0260285285,,11.2887,38.86818,,,True
CC(C)c1ncncc1NC(=O)C(C)c1cccc(Cl)c1,JAN-GHE-83b26c96-6,3-aminopyridine-like,,1.6045005225,,6.4284514999999995,18.962065,,,True
Cc1ncncc1NC(=O)C(c1cccc(Cl)c1)C(C)C,JAN-GHE-83b26c96-7,3-aminopyridine-like,,46.54853170142603,,3.5181044999999997,20.623595,,,True
CCCC(C(=O)Nc1cnccc1C)c1cccc(Cl)c1,JAN-GHE-83b26c96-8,3-aminopyridine-like,,78.318200805,5.479371838136054,77.85272499999998,90.64927,17.31034561223188,4.761694261068178,True
Cc1ccncc1NC(=O)C(c1cccc(Cl)c1)C(C)C,JAN-GHE-83b26c96-9,3-aminopyridine-like,,15.0033608685,,21.338915,42.4666,,,True
Cc1ccncc1NC(=O)C(c1cccc(Cl)c1)N(C)C,JAN-GHE-83b26c96-10,3-aminopyridine-like,,16.76067445,,16.217575,38.98899,,,True
Cc1ccc(CC(=O)Nc2cnccc2C)cc1,JAN-GHE-83b26c96-11,3-aminopyridine-like,,5.560691032949529,,6.319883,3.2672500500000003,,,True
Cc1ccncc1NC(=O)Cc1cccc(Br)c1,JAN-GHE-83b26c96-12,3-aminopyridine-like,,98.33861977942725,15.942976151608336,56.18509,77.679955,20.59394407248417,4.686260471017583,True
Cc1ccncc1NC(=O)Cc1cccc(I)c1,JAN-GHE-83b26c96-13,3-aminopyridine-like,,64.32450713350744,,17.41274,39.673875,,,True
Cc1ccncc1NC(=O)Cc1cccc(C(F)(F)F)c1,JAN-GHE-83b26c96-14,3-aminopyridine-like,,49.31505745158303,,23.988545,49.125045,,,True
Cc1ccncc1N(C)C(=O)Cc1cccc(Cl)c1,JAN-GHE-83b26c96-15,3-aminopyridine-like,,0.0,,5.9736555000000005,15.100115,,,True
CCCN(C(=O)Cc1cccc(Cl)c1)c1cccnc1,JAN-GHE-83b26c96-16,3-aminopyridine-like,,36.23194291696747,,2.279198,3.24693005,,,True
O=C1NC(c2cccnc2)C(=O)N1c1cccc(Cl)c1,JAN-GHE-83b26c96-18,3-aminopyridine-like,,69.55621881719537,,18.107195,33.925115000000005,,,True
O=C(Nc1cccnc1)Nc1cccc(Cl)c1,DAR-DIA-23aa0b97-14,3-aminopyridine-like,,44.05982376331718,,12.85786,30.92173,,,True
Cc1ccncc1NC(=O)C1(c2cccc(Cl)c2)CC1,JAN-GHE-83b26c96-20,3-aminopyridine-like,,43.30332433,,38.411715,61.618515,99.49999999999996,,True
Cc1ccncc1NC(=O)C(C)(C)c1cccc(Cl)c1,JAN-GHE-83b26c96-22,3-aminopyridine-like,,66.91403689,24.52280885811704,49.325525,67.95416,96.93832024835821,4.013504510022681,True
Cc1ccncc1NC(=O)C(F)(F)c1cccc(Cl)c1,JAN-GHE-83b26c96-23,3-aminopyridine-like,,15.502346914,,17.549795,35.264575,,,True
Cc1ccncc1NC(=O)Cc1cccc(F)c1,ALP-POS-95b75b4d-1,3-aminopyridine-like,,40.854543705,,39.63515,65.25146,95.8330784284157,4.0184845608656286,True
Cc1ccncc1NC(=O)Cc1cccc(O)c1,ALP-POS-95b75b4d-2,3-aminopyridine-like,,1.0435961075,,-7.019247,6.459908,,,True
Cc1ccncc1NC(=O)Cc1cccc(C(F)(F)F)c1,JAN-GHE-83b26c96-14,3-aminopyridine-like,,49.31505745158303,,23.988545,49.125045,,,True
Cc1ccncc1NC(=O)Cc1cccc(C2CC2)c1,ALP-POS-95b75b4d-4,3-aminopyridine-like,,23.365588100624127,,7.407047500000001,19.832635,,,True
O=C(Cc1cccc(Cl)c1)Nc1cnccc1O,ALP-POS-95b75b4d-6,3-aminopyridine-like,,0.0,,0.013454999999999995,-2.059689,,,True
Cc1ccncc1NC(=O)Cc1cncc(C#N)c1,TRY-UNI-2eddb1ff-1,3-aminopyridine-like,,22.867788855,,35.51632,42.149045,,,True
Cc1ccncc1NC(=O)Cc1cncc(Cl)c1,TRY-UNI-2eddb1ff-2,3-aminopyridine-like,,71.44,,28.841385,46.01123,,,True
Cc1ccncc1NC(=O)Cc1cc(Cl)cc(OC2CC(=O)N2)c1,TRY-UNI-2eddb1ff-7,3-aminopyridine-like,,87.191315835,99.0,94.4703,97.00562,3.609856311923299,5.4425100845710075,True
Cc1nnn(NC(=O)Cc2cccc(Cl)c2)c1C,JAN-GHE-5a013bed-1,3-aminopyridine-like,,28.659433152450706,,39.57277000000001,70.40507500000002,14.162565202838712,4.848858077681565,True
O=C(Cc1cccc(Cl)c1)Nn1cnc2ccccc21,JAN-GHE-5a013bed-2,3-aminopyridine-like,,45.278749688190686,,74.18714,87.70723000000002,8.303468024158425,5.080740482421092,True
O=C(Cc1cccc(Cl)c1)Nn1cnc2ccccc2c1=O,JAN-GHE-5a013bed-3,3-aminopyridine-like,,0.0,,70.86070000000002,87.0438,8.645464173907452,5.063211684546804,True
O=C(Cc1cccc(Cl)c1)Nn1cn[nH]c1=O,JAN-GHE-5a013bed-4,3-aminopyridine-like,,7.935,,0.4051425,0.7866452349999999,,,True
O=C(Cc1cccc(Cl)c1)Nn1cnnc1,JAN-GHE-5a013bed-5,3-aminopyridine-like,,0.0,,-9.883389999999999,-21.628234000000006,,,True
O=C(Cc1cccc(Cl)c1)Nc1cnns1,JAN-GHE-5a013bed-6,3-aminopyridine-like,,48.663734816489075,,4.120153500000001,3.342711,,,True
O=C(Cc1cccc(Cl)c1)Nc1nncs1,JAN-GHE-5a013bed-7,3-aminopyridine-like,,0.0,,-9.944688000000001,-3.0490000000000004,,,True
O=C(Cc1cccc(Cl)c1)Nc1cnccn1,JAN-GHE-5a013bed-8,3-aminopyridine-like,,0.0,,3.7111625,13.314419999999998,,,True
O=C(Cc1cccc(Cl)c1)Nc1nnn[nH]1,JAN-GHE-5a013bed-11,3-aminopyridine-like,,27.162015770165617,,23.335045,49.133815000000006,45.28670943122256,4.344029234357449,True
N#Cc1ccc(O)c(NC(=O)Cc2cccnc2)c1,BEN-DND-61647d40-8,3-aminopyridine-like,,0.0,,-15.414861499999999,-8.484955000000001,,,True
O=C(Cn1c(=O)[nH]c2ccccc21)Nc1cccc(Cl)c1,BEN-DND-61647d40-14,3-aminopyridine-like,,0.0,,-4.2771705,-9.7805215,,,True
O=C(Cc1cccnc1)Nc1cc(Cl)ccc1O,BEN-DND-61647d40-18,3-aminopyridine-like,,6.625,,-1.541334,23.34414,,,True
Cc1ccncc1N(C)C(=O)Cc1cccc(Cl)c1,JAN-GHE-83b26c96-15,3-aminopyridine-like,,0.0,,5.9736555000000005,15.100115,,,True
O=C(Cc1cccc(Cl)c1)Nc1cccnc1,EDG-MED-0da5ad92-2,3-aminopyridine-like,,52.36828924798618,,24.074975,40.890465,53.71730677823199,4.269885769656957,True
Cc1ccncc1NC(=O)Cc1cncc(Cl)c1,TRY-UNI-2eddb1ff-2,3-aminopyridine-like,,71.44,,28.841385,46.01123,,,True
Cc1ccncc1NC(=O)CC1CCCNC1,EDG-MED-0da5ad92-9,3-aminopyridine-like,,0.0,,-1.9083599999999998,16.688875,,,True
Cc1ccncc1NC(=O)C(C)(C)c1cccc(Cl)c1,JAN-GHE-83b26c96-22,3-aminopyridine-like,,66.91403689,24.52280885811704,49.325525,67.95416,96.93832024835821,4.013504510022681,True
Cc1ccncc1NC(=O)C1(c2cccc(Cl)c2)CC1,JAN-GHE-83b26c96-20,3-aminopyridine-like,,43.30332433,,38.411715,61.618515,99.49999999999996,,True
Cc1cncc(NC(=O)Cc2cccc(Cl)c2)c1,EDG-MED-0da5ad92-12,3-aminopyridine-like,,38.63234517589564,,19.840895,42.669205,,,True
Cc1ccc(NC(=O)Cc2cccc(Cl)c2)cn1,EDG-MED-0da5ad92-13,3-aminopyridine-like,,0.0,,0.35968310000000003,3.352639,,,True
Cc1ncccc1NC(=O)Cc1cccc(Cl)c1,EDG-MED-0da5ad92-14,3-aminopyridine-like,,0.0,,-4.5913685,-3.8985492999999996,,,True
Cc1cnncc1NC(=O)Cc1cccc(Cl)c1,EDG-MED-0da5ad92-16,3-aminopyridine-like,,13.82873978309464,,-3.562807,-2.6476915,,,True
Cc1ccnc(N)c1NC(=O)Cc1cccc(Cl)c1,EDG-MED-0da5ad92-18,3-aminopyridine-like,,0.0,,6.437589,20.0662,,,True
Cc1[nH]ncc1NC(=O)Cc1cccc(Cl)c1,EDG-MED-0da5ad92-21,3-aminopyridine-like,,52.129217931090785,99.0,3.6405765,6.9253680000000015,,,True
Cc1ccncc1NC(=O)Cc1cccc(OC2CC(=O)N2)c1,BRU-LEF-c49414a7-1,3-aminopyridine-like,,0.0,,5.501569999999999,16.656155,,,True
O=C(Cc1ccc(O)cc1)Nc1cccc2cc[nH]c12,NAU-LAT-64f4b287-6,3-aminopyridine-like,,0.0,,-9.566452499999999,-4.9045215,,,True
O=C(Cc1ccc(F)cc1)Nc1cccc2cc[nH]c12,NAU-LAT-64f4b287-7,3-aminopyridine-like,,0.0,,-2.4308565,-33.890285,,,True
Cc1ccncc1NC(=O)Cc1cccc(CO)c1,EDJ-MED-e58735b6-2,3-aminopyridine-like,,1.13630184,,2.86527195,6.0491525,,,True
Cc1ccncc1NC(=O)Cc1cccc(S(N)(=O)=O)c1,EDJ-MED-e58735b6-3,3-aminopyridine-like,,11.54,,11.1451625,6.2286075,,,True
Cc1ccncc1CC(=O)Nc1cccc(Cl)c1,EDJ-MED-49816e9b-1,3-aminopyridine-like,,88.6064239800908,26.362125750295405,42.193095,67.38705999999999,29.85959145183675,4.524916138721734,True
Cc1ccnc(C)c1NC(=O)Cc1cccc(Cl)c1,EDJ-MED-49816e9b-2,3-aminopyridine-like,,8.4970087445,,-1.5983266,13.252904999999998,,,True
Cc1cnn(C)c1NC(=O)Cc1cccc(Cl)c1,EDJ-MED-49816e9b-3,3-aminopyridine-like,,23.102850216626816,,3.1091525,5.0604005,,,True
O=C(Cc1cccnc1)Nc1cccc(OC2CC(=O)N2)c1,RAL-MED-2de63afb-1,3-aminopyridine-like,,26.440201745,,39.5682,71.7735,88.3422842953824,4.053831375237763,True
Cc1cc(NC(=O)Cc2cncnc2)cc(OC2CC(=O)N2)c1,RAL-MED-2de63afb-2,3-aminopyridine-like,,44.951235785,,49.30711,72.72272000000002,34.319907335359666,4.46445389342812,True
O=C1CC(c2cccc(NC(=O)Cc3cncnc3)c2)CN1,RAL-MED-2de63afb-3,3-aminopyridine-like,,0.0,,3.83430965,10.797005,,,True
O=C(Cc1ccccc1)Nc1cccc(OC2CC(=O)N2)c1,RAL-MED-2de63afb-6,3-aminopyridine-like,,0.0,,-2.2828535,-0.8075459999999999,,,True
CC(=O)NCc1cccc(NC(=O)Cc2cncnc2)c1,RAL-MED-2de63afb-12,3-aminopyridine-like,,0.0,,3.1481172500000003,6.2182875000000015,,,True
O=C(Cc1cncnc1)Nc1cc(F)cc(OC2CC(=O)N2)c1,RAL-MED-2de63afb-14,3-aminopyridine-like,,45.74945463,,52.84184000000001,87.837815,24.94667484680678,4.6029873334843225,True
O=C(Cc1cc(Cl)cc(Cl)c1)Nc1nncs1,JAG-UCB-cedd89ab-3,3-aminopyridine-like,,0.0,,13.928838,-0.8211735000000001,,,True
Cc1ccncc1NC(=O)Nc1cccc(Cl)c1,TRY-UNI-714a760b-12,3-aminopyridine-like,25.5825,64.13499999999999,45.68926278614792,32.14497,58.708675,64.41361051443023,4.191022357069093,True
Cc1nnc(NC(=O)Cc2cccc(Cl)c2F)n1C,JAG-UCB-a3ef7265-4,3-aminopyridine-like,,0.0,,-12.704439500000001,-10.7713325,,,True
COc1c(NC(=O)Cc2cccc(Cl)c2Cl)c(C)nn1C,JAG-UCB-a3ef7265-8,3-aminopyridine-like,,0.0,,2.7770125,2.1942745,,,True
Cc1noc(C)c1NC(=O)Cc1cccc(Cl)c1Cl,JAG-UCB-a3ef7265-9,3-aminopyridine-like,,0.0,,-2.3037822500000003,-6.85461825,,,True
Cc1nnc(NC(=O)Cc2cccc(Cl)c2F)s1,JAG-UCB-a3ef7265-10,3-aminopyridine-like,,0.0,,1.02107925,-14.821653500000002,,,True
Cn1nnnc1NC(=O)Cc1csc(C(C)(C)C)n1,JAG-UCB-a3ef7265-11,3-aminopyridine-like,,0.0,,1.851882,5.133212,,,True
Cc1cc(C)cc(NC(=O)Cn2cncc2C)c1,JAG-UCB-a3ef7265-12,3-aminopyridine-like,,0.0,,-2.2051125,2.7217315,,,True
Cc1cc(C)cc(NC(=O)Cc2cnn(C)c2C)c1,JAG-UCB-a3ef7265-13,3-aminopyridine-like,,0.0,,-12.146806,-5.2768265,,,True
Cc1cccc(NC(=O)Cn2cncc2C)n1,JAG-UCB-a3ef7265-14,3-aminopyridine-like,,0.0,,-1.2961575,-3.38227345,,,True
Cc1ccc(C)c(N(C)C(=O)Cc2cnn(C)c2C)c1,JAG-UCB-a3ef7265-16,3-aminopyridine-like,,0.0,,7.753027499999999,11.437880499999999,,,True
Cc1cc(C)cc(CC(=O)Nc2nncn2C)c1,JAG-UCB-a3ef7265-18,3-aminopyridine-like,,0.0,,-0.7908505,-11.527954,,,True
Cc1nn(C(C)C)c(C)c1CC(=O)Nc1nncn1C1CC1,JAG-UCB-a3ef7265-19,3-aminopyridine-like,,5.2868667252392925,,-5.192722,-6.892272,,,True
Cc1cc(NC(=O)Cn2cncc2C)cc(C)c1Cl,JAG-UCB-a3ef7265-22,3-aminopyridine-like,,25.78,,2.903274,4.8820024,,,True
CCc1ccncc1NC(=O)Cc1cccc(C(F)(F)F)n1,JAG-UCB-a3ef7265-23,3-aminopyridine-like,,0.0,,2.6263345,10.079430499999999,,,True
COC1(CC(=O)Nc2cnccc2C)CC1,MAT-POS-590ac91e-9,3-aminopyridine-like,,0.0,,-5.470909,13.8431555,,,True
Cc1ccncc1NC(=O)CC1CC2CC2C1,MAT-POS-590ac91e-23,3-aminopyridine-like,,0.0,,11.5126585,12.287035000000001,,,True
CC(C(=O)Nc1cnccc1C)=C1CC1,ERI-UCB-5b47150d-4,3-aminopyridine-like,,0.0,,2.1124235,-8.02258,,,True
Cc1ccncc1NC(=O)Cn1ccc2ccc(F)cc21,BAR-COM-0f94fc3d-18,3-aminopyridine-like,,41.685,,31.472565000000003,7.8169085,,,True
Cc1cnn(-c2ccncc2NC(=O)Cn2cc(C)c3ccccc32)c1,BAR-COM-0f94fc3d-20,3-aminopyridine-like,,0.0,,-8.606670000000001,-0.4173419999999999,,,True
Cc1ccncc1NC(=O)C1(c2cccc(Cl)c2)CC(=O)C1,BAR-COM-0f94fc3d-25,3-aminopyridine-like,,27.025,,9.683061,22.602535,,,True
Cc1ccncc1NC(=O)Cc1cc(Cl)c2c(c1)OCCO2,BAR-COM-0f94fc3d-28,3-aminopyridine-like,,10.935,,9.8295725,22.162670000000002,,,True
O=C(Cc1cc(Cl)c2c(c1)OCCO2)Nc1cnccc1-c1ccccc1,BAR-COM-0f94fc3d-40,3-aminopyridine-like,,0.0,,-45.13978,-10.369000999999999,,,True
Cc1ccncc1NC(=O)Cn1ccc2ccc(Cl)cc21,BAR-COM-0f94fc3d-41,3-aminopyridine-like,,77.42,,30.592015000000004,27.01315,,,True
Cc1ccnc(C)c1NC(=O)C(C)c1ccc(F)c(F)c1,BAR-COM-0f94fc3d-46,3-aminopyridine-like,,0.0,,-0.4111225000000001,-2.873356,,,True
Cc1ccncc1NC(=O)CN1C(=O)COc2ccc(Cl)cc21,BAR-COM-0f94fc3d-48,3-aminopyridine-like,,67.195,,32.761255,49.274905,,,True
CSc1ccncc1NC(=O)Cc1ccc2c(c1)CCCC2,BAR-COM-0f94fc3d-49,3-aminopyridine-like,,0.0,,-1.1586189999999998,11.601515,,,True
Cc1cc(CC(=O)Nc2cnccc2C)[nH]n1,EDJ-MED-c9f55a56-1,3-aminopyridine-like,,4.870901033561076,,-4.283793,0.40377305,,,True
Cc1ccncc1NC(=O)Cc1cccc(C(N)=O)c1,ANN-UNI-98d2bf15-2,3-aminopyridine-like,,0.535,,2.6551055000000003,-5.830779,,,True
Cc1ccncc1NC(=O)Cc1cccc(OC(F)(F)F)c1,ANN-UNI-98d2bf15-5,3-aminopyridine-like,,12.575,,-3.1648979500000003,-22.530474,,,True
Cc1ccncc1NC(=O)Cc1cccc(C(F)(F)F)c1,JAN-GHE-83b26c96-14,3-aminopyridine-like,,49.31505745158303,,23.988545,49.125045,,,True
Cn1cc(S(N)(=O)=O)cc1CC(=O)Nc1cccc(C(=O)NCc2ccccn2)c1,IAN-BAS-36ca50f1-1,3-aminopyridine-like,,0.0,,-21.517416,-0.595988693,,,True
O=C(Cc1cccc(Cl)c1)Nc1nncs1,JAN-GHE-5a013bed-7,3-aminopyridine-like,,0.0,,-9.944688000000001,-3.0490000000000004,,,True
