SMILES,TITLE,series,r_inhibition_at_20_uM,r_inhibition_at_50_uM,r_IC50,f_inhibition_at_20_uM,f_inhibition_at_50_uM,f_avg_IC50,f_avg_pIC50,ASSAYED,Hybrid2,docked_fragment,Mpro-_dock,site
C[NH2+]CC[C@H](c1ccccc1)C(=O)Nc2cccnc2,ADA-UNI-f8e79267-5,3-aminopyridine-like,,2.1940968935,,-5.69205,1.5463741000000002,,,True,-12.515671,x0678,-7.48096,active-noncovalent
Cc1ccncc1NC(=O)[C@H](C)C2CCCCC2,TRY-UNI-714a760b-16,3-aminopyridine-like,,0.0,,9.2934345,18.376635,,,True,-12.283777,x0678,-7.061202,active-noncovalent
Cc1ccncc1NC(=O)Cc2cccc(c2)CO,EDJ-MED-e58735b6-2,3-aminopyridine-like,,1.13630184,,2.86527195,6.0491525,,,True,-12.058949,x0678,-6.585942,active-noncovalent
Cc1ccncc1NC(=O)CC2C[C@H]3C[C@H]3C2,MAT-POS-590ac91e-23,3-aminopyridine-like,,0.0,,11.5126585,12.287035000000001,,,True,-11.881159,x0678,-6.902503,active-noncovalent
Cc1ccncc1NC(=O)Cc2cc([nH]n2)C,EDJ-MED-c9f55a56-1,3-aminopyridine-like,,4.870901033561076,,-4.283793,0.40377305,,,True,-11.828817,x0678,-6.59767,active-noncovalent
Cc1ccnc(c1NC(=O)[C@@H](C)c2ccc(c(c2)F)F)C,BAR-COM-0f94fc3d-46,3-aminopyridine-like,,0.0,,-0.4111225000000001,-2.873356,,,True,-11.810582,x0678,-6.600251,active-noncovalent
c1ccc(cc1)C2(CCCC2)CC(=O)Nc3cccnc3,CHR-SOS-f7373dd1-4,3-aminopyridine-like,0.0,13.88,,,3.982564,,,True,-11.737092,x0678,-7.423703,active-noncovalent
CCC[C@@H](c1cccc(c1)Cl)C(=O)Nc2cnccc2C,JAN-GHE-83b26c96-8,3-aminopyridine-like,,78.318200805,5.479371838136054,77.85272499999998,90.64927,17.31034561223188,4.761694261068178,True,-11.584179,x0678,-6.658877,active-noncovalent
Cc1ccncc1NC(=O)C2(CC(=O)C2)c3cccc(c3)Cl,BAR-COM-0f94fc3d-25,3-aminopyridine-like,,27.025,,9.683061,22.602535,,,True,-11.545374,x0678,-6.14058,active-noncovalent
Cc1ccnc(c1NC(=O)Cc2cccc(c2)Cl)N,EDG-MED-0da5ad92-18,3-aminopyridine-like,,0.0,,6.437589,20.0662,,,True,-11.447077,x0678,-7.463092,active-noncovalent
c1cc(cc(c1)Cl)N(CCC2CCCCC2)C(=O)Nc3cccnc3,JOR-UNI-2fc98d0b-12,3-aminopyridine-like,,78.94465384426447,,83.33063,88.791675,3.0566719642303646,5.5147511663667546,True,-11.440933,x0678,-7.387974,active-noncovalent
Cc1ccncc1NC(=O)C2(CC2)c3cccc(c3)Cl,JAN-GHE-83b26c96-20,3-aminopyridine-like,,43.30332433,,38.411715,61.618515,99.49999999999996,,True,-11.297702,x0678,-6.54676,active-noncovalent
Cc1ccncc1NC(=O)Cc2cccc(c2)C3CC3,ALP-POS-95b75b4d-4,3-aminopyridine-like,,23.365588100624127,,7.407047500000001,19.832635,,,True,-11.273206,x0678,-6.378911,active-noncovalent
Cc1ccncc1N(C)C(=O)Cc2cccc(c2)Cl,JAN-GHE-83b26c96-15,3-aminopyridine-like,,0.0,,5.9736555000000005,15.100115,,,True,-11.266683,x0678,-7.776706,active-noncovalent
CCCN(c1cccnc1)C(=O)Cc2cccc(c2)Cl,JAN-GHE-83b26c96-16,3-aminopyridine-like,,36.23194291696747,,2.279198,3.24693005,,,True,-11.258343,x0678,-8.242537,active-noncovalent
Cc1ccncc1NC(=O)Cn2ccc3c2cc(cc3)Cl,BAR-COM-0f94fc3d-41,3-aminopyridine-like,,77.42,,30.592015000000004,27.01315,,,True,-11.236184,x0678,-7.088857,active-noncovalent
C[C@@H](c1cccc(c1)Cl)C(=O)Nc2cnccc2NC(=O)C,JAN-GHE-83b26c96-2,3-aminopyridine-like,,21.545250815,,14.44519,44.615305,,,True,-11.199787,x0678,-4.90173,active-noncovalent
C[C@@H](c1cccc(c1)Cl)C(=O)Nc2cnccc2n3cccn3,JAN-GHE-83b26c96-3,3-aminopyridine-like,,4.0260285285,,11.2887,38.86818,,,True,-11.191687,x0678,-5.770212,active-noncovalent
c1cc(cnc1)NC(=O)Cc2ccc(s2)Cl,DAR-DIA-842b4336-13,3-aminopyridine-like,0.0,,,0.92202215,11.50041,,,True,-11.181113,x0678,-6.440366,active-noncovalent
Cc1ccncc1NC(=O)C[C@H]2CCC[NH2+]C2,EDG-MED-0da5ad92-9,3-aminopyridine-like,,0.0,,-1.9083599999999998,16.688875,,,True,-11.163149,x0678,-6.521945,active-noncovalent
Cc1ccncc1NC(=O)Cc2ccc3c(c2)nc[nH]3,GAB-REV-70cc3ca5-18,3-aminopyridine-like,0.0,0.0,,-2.241022,4.267136,,,True,-11.150334,x0678,-7.836346,active-noncovalent
Cc1ccncc1NC(=O)[C@@H](C)c2cccc(c2)Cl,TRY-UNI-714a760b-18,3-aminopyridine-like,20.37830295,,12.967693108434078,58.02024,78.712695,26.179637691562505,4.582036368084879,True,-11.149205,x0678,-6.157744,active-noncovalent
Cc1ccncc1NC(=O)[C@@H](C)c2cccc(c2)C#N,TRY-UNI-714a760b-22,3-aminopyridine-like,21.0225,58.415,45.3119234238456,35.40893,61.41119499999999,54.94210369958992,4.260094715726666,True,-11.090258,x0678,-7.339839,active-noncovalent
Cc1ccncc1NC(=O)C(c2cccc(c2)Cl)(F)F,JAN-GHE-83b26c96-23,3-aminopyridine-like,,15.502346914,,17.549795,35.264575,,,True,-11.055071,x0678,-6.513913,active-noncovalent
Cc1ccncc1NC(=O)Cc2cccc(c2)C(F)(F)F,JAN-GHE-83b26c96-14,3-aminopyridine-like,,49.31505745158303,,23.988545,49.125045,,,True,-11.043591,x0678,-6.058521,active-noncovalent
c1cc(cnc1)CC(=O)Nc2cc(ccc2O)Cl,BEN-DND-61647d40-18,3-aminopyridine-like,,6.625,,-1.541334,23.34414,,,True,-10.973382,x0678,-7.470452,active-noncovalent
Cc1ccncc1NC(=O)Cn2ccc3c2cc(cc3)F,BAR-COM-0f94fc3d-18,3-aminopyridine-like,,41.685,,31.472565000000003,7.8169085,,,True,-10.966222,x0678,-6.698192,active-noncovalent
c1cc2c(c[nH]c2nc1)CC(=O)Nc3cc(cnc3)C#N,DAR-DIA-23aa0b97-2,3-aminopyridine-like,,0.0,,-0.3835140000000001,0.07752800000000004,,,True,-10.932571,x0678,-7.099035,active-noncovalent
c1cc(cnc1)CC(=O)Nc2cc(cnc2)C#N,DAR-DIA-23aa0b97-6,3-aminopyridine-like,,0.0,,0.2160645000000001,-0.06091500000000005,,,True,-10.881647,x0678,-6.047714,active-noncovalent
Cc1ccncc1NC(=O)[C@H](c2cccc(c2)Cl)C(C)C,JAN-GHE-83b26c96-9,3-aminopyridine-like,,15.0033608685,,21.338915,42.4666,,,True,-10.873340,x0678,-6.424911,active-noncovalent
Cc1ccncc1NC(=O)C(C)(C)c2cccc(c2)Cl,JAN-GHE-83b26c96-22,3-aminopyridine-like,,66.91403689,24.52280885811704,49.325525,67.95416,96.93832024835821,4.013504510022681,True,-10.811332,x0678,-6.423939,active-noncovalent
Cc1ccncc1NC(=O)Cc2cccc(c2)F,ALP-POS-95b75b4d-1,3-aminopyridine-like,,40.854543705,,39.63515,65.25146,95.8330784284157,4.0184845608656286,True,-10.782475,x0678,-6.951624,active-noncovalent
Cc1ccnc(c1NC(=O)Cc2cccc(c2)Cl)C,EDJ-MED-49816e9b-2,3-aminopyridine-like,,8.4970087445,,-1.5983266,13.252904999999998,,,True,-10.778379,x0678,-7.405037,active-noncovalent
Cc1c(cncn1)NC(=O)[C@H](c2cccc(c2)Cl)C(C)C,JAN-GHE-83b26c96-7,3-aminopyridine-like,,46.54853170142603,,3.5181044999999997,20.623595,,,True,-10.776898,x0678,-5.153161,active-noncovalent
Cc1ccncc1NC(=O)Cc2cc(cnc2)C#N,TRY-UNI-2eddb1ff-1,3-aminopyridine-like,,22.867788855,,35.51632,42.149045,,,True,-10.769693,x0678,-5.828539,active-noncovalent
c1cc(cc(c1)Cl)n2c(c([nH]c2=O)c3cccnc3)[O-],JAN-GHE-83b26c96-18,3-aminopyridine-like,,69.55621881719537,,18.107195,33.925115000000005,,,True,-10.739030,x0678,-7.345448,active-noncovalent
C=C(c1cccnc1)C(=O)Nc2ccccc2,BEN-DND-031a96cc-8,3-aminopyridine-like,0.0,,,-18.00844,-18.74687,,,True,-10.705746,x0678,-6.785982,active-noncovalent
Cc1cnc(o1)CC(=O)Nc2cccnc2,DAR-DIA-842b4336-16,3-aminopyridine-like,0.0,0.0,,,-9.906875,,,True,-10.643672,x0678,-5.550553,active-noncovalent
Cc1ccc(cc1)CC(=O)Nc2cnccc2C,JAN-GHE-83b26c96-11,3-aminopyridine-like,,5.560691032949529,,6.319883,3.2672500500000003,,,True,-10.632592,x0678,-6.324327,active-noncovalent
c1ccc2c(c1)C[C@@H](C[N@]2CC(=O)Nc3cnccn3)C(=O)N,BAR-COM-4e090d3a-21,3-aminopyridine-like,0.0,0.0,,0.02920250000000024,6.1933570000000016,,,True,-10.617538,x0678,-5.142529,active-noncovalent
Cc1ccncc1NC(=O)Cc2cccc(c2)C#N,TRY-UNI-714a760b-20,3-aminopyridine-like,20.495,52.68000000000001,43.847050990618925,33.561645,58.318794999999994,61.330272009433386,4.212325109143683,True,-10.601052,x0678,-6.645129,active-noncovalent
CC(C)(C)c1ccc(cc1)N([C@H](c2cccnc2)C(=O)NC3CC3)C(=O)C=C,LON-WEI-adc59df6-44,3-aminopyridine-like,8.669871958666803,33.304028462348015,,25.405739999999998,32.95042,,,True,-10.598598,x0678,-5.293064,active-noncovalent
c1c(cc(cc1O[C@H]2CC(=O)N2)F)NC(=O)Cc3cncnc3,RAL-MED-2de63afb-14,3-aminopyridine-like,,45.74945463,,52.84184000000001,87.837815,24.94667484680678,4.6029873334843225,True,-10.553001,x0678,-7.490936,active-noncovalent
CCc1ccncc1NC(=O)Cc2cccc(n2)C(F)(F)F,JAG-UCB-a3ef7265-23,3-aminopyridine-like,,0.0,,2.6263345,10.079430499999999,,,True,-10.550228,x0678,-5.652767,active-noncovalent
Cc1nnc(s1)CC(=O)Nc2cccnc2,ALE-HEI-f28a35b5-5,3-aminopyridine-like,-1.825,0.0,,-1.16065575,-0.0293793,,,True,-10.544547,x0678,-5.121516,active-noncovalent
c1cc(cc(c1)C#N)CC(=O)Nc2cccnc2,ANN-UNI-26382800-5,3-aminopyridine-like,0.0,11.54,,11.40413,24.96099,,,True,-10.529879,x0678,-6.889636,active-noncovalent
c1ccc(cc1)NC(=O)Cc2cncc3c2cccc3,DAR-DIA-23aa0b97-20,3-aminopyridine-like,27.82,62.475,45.077469206238916,31.64337,57.79387,57.469669686673186,4.24056129901503,True,-10.520862,x0678,-6.906503,active-noncovalent
c1ccc(c(c1)NC(=O)Cc2ccn[nH]2)n3c(c(cn3)C#N)N,BAR-COM-4e090d3a-14,3-aminopyridine-like,0.0,,,-9.143885000000001,2.959074,,,True,-10.520853,x0678,-7.956631,active-noncovalent
Cc1ccncc1NC(=O)Nc2ccccc2,ALE-HEI-f28a35b5-1,3-aminopyridine-like,0.0,-0.17999999999999994,,,21.06202,,,True,-10.495522,x0678,-4.738038,active-noncovalent
Cc1ccncc1NC(=O)Cc2cccc(c2)O,ALP-POS-95b75b4d-2,3-aminopyridine-like,,1.0435961075,,-7.019247,6.459908,,,True,-10.460533,x0678,-7.0762,active-noncovalent
Cc1cc(cnc1)NC(=O)Cc2cccc(c2)Cl,EDG-MED-0da5ad92-12,3-aminopyridine-like,,38.63234517589564,,19.840895,42.669205,,,True,-10.457814,x0678,-5.894294,active-noncovalent
Cc1ccncc1NC(=O)Cc2ccccc2,TRY-UNI-714a760b-5,3-aminopyridine-like,-0.6299999999999999,16.1,,8.187834500000001,19.47383,,,True,-10.434412,x0678,-6.707099,active-noncovalent
Cc1cc(cc(c1)O[C@H]2CC(=O)N2)NC(=O)Cc3cncnc3,RAL-MED-2de63afb-2,3-aminopyridine-like,,44.951235785,,49.30711,72.72272000000002,34.319907335359666,4.46445389342812,True,-10.388515,x0678,-7.080396,active-noncovalent
Cc1ccncc1NC(=O)Cc2cccc(c2)Cl,TRY-UNI-714a760b-6,3-aminopyridine-like,20.025239300000006,,13.895164921785092,61.634345,81.75695999999999,24.56661919544255,4.609654606067284,True,-10.387289,x0678,-6.524484,active-noncovalent
C[C@@H](c1cccc(c1)Cl)C(=O)Nc2cncnc2C(C)C,JAN-GHE-83b26c96-6,3-aminopyridine-like,,1.6045005225,,6.4284514999999995,18.962065,,,True,-10.366863,x0678,-4.298956,active-noncovalent
Cc1ccc(c(c1)N(C)C(=O)Cc2cnn(c2C)C)C,JAG-UCB-a3ef7265-16,3-aminopyridine-like,,0.0,,7.753027499999999,11.437880499999999,,,True,-10.323903,x0678,-7.046047,active-noncovalent
CC(C)(C)c1ccc(cc1)N([C@H](c2cccnc2)C(=O)Nc3ccc(cc3)F)C(=O)C=C,LON-WEI-adc59df6-41,3-aminopyridine-like,8.549901693531325,31.91366290004415,,16.96499,35.96716,,,True,-10.312313,x0678,-5.97566,active-noncovalent
Cc1cc(ccc1NC(=O)[C@@H](c2cccnc2)N(c3ccc(cc3)C(F)(F)F)C(=O)C=C)OC,LON-WEI-b8d98729-37,3-aminopyridine-like,11.0318425125,,,7.0595355,25.435879999999997,,,True,-10.303930,x0678,-5.559956,active-noncovalent
Cc1c(cncn1)NC(=O)Nc2ccccc2,HAN-NEW-5f56c3bc-1,3-aminopyridine-like,6.04,20.105,,-2.0625485,-0.6277824000000001,,,True,-10.278812,x0678,-4.910699,active-noncovalent
c1cc(cc(c1)Cl)CC(=O)Nc2cccnc2,EDG-MED-0da5ad92-2,3-aminopyridine-like,,52.36828924798618,,24.074975,40.890465,53.71730677823199,4.269885769656957,True,-10.237127,x0678,-6.654258,active-noncovalent
c1cc(cnc1)NC(=O)Cc2cc(cnc2)C#N,DAR-DIA-23aa0b97-17,3-aminopyridine-like,6.5775000000000015,12.695,,6.610398,21.805805,,,True,-10.204250,x0678,-5.814838,active-noncovalent
CC(C)(C)c1ccc(cc1)N([C@H](c2cccnc2)C(=O)NC3CCC3)C(=O)C=C,LON-WEI-adc59df6-14,3-aminopyridine-like,0.0,51.94343540195218,,6.161206,11.98804,,,True,-10.202576,x0678,-4.336716,active-noncovalent
CSc1ccncc1NC(=O)Cc2ccc3c(c2)CCCC3,BAR-COM-0f94fc3d-49,3-aminopyridine-like,,0.0,,-1.1586189999999998,11.601515,,,True,-10.179695,x0678,-5.30493,active-noncovalent
CC[C@H](c1cccc(c1)Cl)C(=O)Nc2cnncc2C,JAN-GHE-83b26c96-1,3-aminopyridine-like,,0.0,,2.53556505,1.1459735,,,True,-10.176954,x0678,-6.62514,active-noncovalent
Cc1ccncc1NC(=O)Cc2cccc(c2)OC(F)(F)F,ANN-UNI-98d2bf15-5,3-aminopyridine-like,,12.575,,-3.1648979500000003,-22.530474,,,True,-10.099224,x0678,-5.580137,active-noncovalent
CCc1cccc(c1)NC(=O)[C@@H](c2cccnc2)N(c3ccc4c(c3)scn4)C(=O)C=C,LON-WEI-b8d98729-38,3-aminopyridine-like,16.633092689999998,,32.03061411909359,33.876555,59.258365000000005,59.02153277403574,4.228989516173539,True,-10.098789,x0678,-7.483372,active-noncovalent
CCc1cccc(c1NC(=O)[C@@H](c2cccnc2)N(c3ccc(nc3)C(C)C)C(=O)C=C)C,LON-WEI-b8d98729-18,3-aminopyridine-like,0.0,,,5.6132675,12.477995,,,True,-10.072718,x0678,-7.514078,active-noncovalent
Cc1nnc(s1)NC(=O)Nc2cccnc2,ALE-HEI-f28a35b5-4,3-aminopyridine-like,4.62,8.86,,1.18513685,7.324259,,,True,-10.058550,x0678,-4.743583,active-noncovalent
C=CC(=O)N(c1ccc2c(c1)scn2)[C@H](c3cccnc3)C(=O)Nc4ccc(cc4)Cl,LON-WEI-b8d98729-44,3-aminopyridine-like,2.5704526530000003,,,8.954919,25.263735,,,True,-10.054485,x0678,-6.01749,active-noncovalent
Cc1ccc(s1)NC(=O)Nc2cccnc2,DAR-DIA-842b4336-3,3-aminopyridine-like,2.6175,28.585,,1.901842,11.320110000000001,,,True,-10.044557,x0678,-5.229851,active-noncovalent
Cc1ccncc1NC(=O)Cc2cc3c(c(c2)Cl)OCCO3,BAR-COM-0f94fc3d-28,3-aminopyridine-like,,10.935,,9.8295725,22.162670000000002,,,True,-10.040518,x0678,-6.104174,active-noncovalent
CSc1ccc(cc1)N([C@H](c2cccnc2)C(=O)Nc3ccc(cc3)Cl)C(=O)C=C,LON-WEI-b8d98729-24,3-aminopyridine-like,9.39703267,,,16.89356,32.28805,,,True,-10.019180,x0678,-6.771246,active-noncovalent
Cc1ccncc1NC(=O)Cc2cc(cnc2)Cl,TRY-UNI-2eddb1ff-2,3-aminopyridine-like,,71.44,,28.841385,46.01123,,,True,-10.014794,x0678,-5.867702,active-noncovalent
c1cc(cnc1)CC(=O)Nc2cc(ccc2[O-])C#N,BEN-DND-61647d40-8,3-aminopyridine-like,,0.0,,-15.414861499999999,-8.484955000000001,,,True,-10.000115,x0678,-6.63995,active-noncovalent
CCc1cccc(c1NC(=O)[C@@H](c2cccnc2)N(c3ccc(cc3)C(C)(C)C)C(=O)C=C)C,LON-WEI-d1c9908a-10,3-aminopyridine-like,0.0,0.0,,,-3.744799,,,True,-9.978846,x0678,-7.054375,active-noncovalent
c1cc(cnc1)NC(=O)Nc2cc(cnc2)C#N,CHR-SOS-363cfb78-1,3-aminopyridine-like,,17.43921131066469,,7.0689069999999985,17.066025,,,True,-9.977448,x0678,-4.634049,active-noncovalent
Cc1ccncc1CC(=O)Nc2cccc(c2)Cl,EDJ-MED-49816e9b-1,3-aminopyridine-like,,88.6064239800908,26.362125750295405,42.193095,67.38705999999999,29.85959145183675,4.524916138721734,True,-9.976429,x0678,-7.259044,active-noncovalent
Cc1cc(ccc1NC(=O)[C@@H](c2cccnc2)N(c3ccc4c(c3)scn4)C(=O)C=C)OC,LON-WEI-b8d98729-1,3-aminopyridine-like,0.0,,,3.2135925000000003,11.321835,,,True,-9.965006,x0678,-6.705248,active-noncovalent
Cc1ccccc1CNc2ccccc2NC(=O)[C@H](c3cccnc3)O,BAR-COM-4e090d3a-3,3-aminopyridine-like,4.5875,35.735,,-0.056002549999999984,7.280471500000001,,,True,-9.960861,x0678,-7.792721,active-noncovalent
CC(C)(C)c1cc([nH]n1)N([C@H](c2cccnc2)C(=O)Nc3ccc(cc3)Cl)C(=O)C=C,LON-WEI-b8d98729-21,3-aminopyridine-like,0.0,,,6.1170335,19.534229999999997,,,True,-9.953737,x0678,-5.751567,active-noncovalent
c1ccc2c(c1)ncn2NC(=O)Cc3cccc(c3)Cl,JAN-GHE-5a013bed-2,3-aminopyridine-like,,45.278749688190686,,74.18714,87.70723000000002,8.303468024158425,5.080740482421092,True,-9.921616,x0678,-6.513988,active-noncovalent
Cc1ccncc1NC(=O)Cc2cccc(c2)Br,JAN-GHE-83b26c96-12,3-aminopyridine-like,,98.33861977942725,15.942976151608336,56.18509,77.679955,20.59394407248417,4.686260471017583,True,-9.889761,x0678,-6.430348,active-noncovalent
c1ccc2c(c1)cncc2CC(=O)Nc3cccc(c3)C#N,DAR-DIA-23aa0b97-19,3-aminopyridine-like,68.21000000000001,85.16,14.64109075330777,48.73152500000001,73.019885,26.68012917803707,4.573812072012878,True,-9.884763,x0678,-7.564874,active-noncovalent
COc1ccc(cc1)NC(=O)[C@@H](c2cccnc2)N(c3ccc4c(c3)scn4)C(=O)C=C,LON-WEI-b8d98729-25,3-aminopyridine-like,0.0,,,4.018394,15.369845000000002,,,True,-9.877169,x0678,-7.122433,active-noncovalent
c1cc(cc(c1)O[C@H]2CC(=O)N2)NC(=O)Cc3cccnc3,RAL-MED-2de63afb-1,3-aminopyridine-like,,26.440201745,,39.5682,71.7735,88.3422842953824,4.053831375237763,True,-9.860729,x0678,-6.581481,active-noncovalent
Cc1ccncc1NC(=O)[C@@H](c2cccc(c2)Cl)[NH+](C)C,JAN-GHE-83b26c96-10,3-aminopyridine-like,,16.76067445,,16.217575,38.98899,,,True,-9.859742,x0678,-7.510205,active-noncovalent
c1cc(cc(c1)Cl)N(CC[NH+]2CCOCC2)C(=O)Nc3cccnc3,JOR-UNI-2fc98d0b-6,3-aminopyridine-like,,59.3594388636461,,24.350455,49.6179,,,True,-9.857008,x0678,-7.843946,active-noncovalent
CCC(C)(C)c1ccc(cc1)N([C@H](c2cccnc2)C(=O)Nc3ccc(cc3)Cl)C(=O)C=C,LON-WEI-b8d98729-33,3-aminopyridine-like,11.254126943,,,16.53021,22.655935,,,True,-9.839128,x0678,-4.103518,active-noncovalent
c1c(cc(cc1Cl)Cl)CC(=O)Nc2nncs2,JAG-UCB-cedd89ab-3,3-aminopyridine-like,,0.0,,13.928838,-0.8211735000000001,,,True,-9.832669,x0678,-5.81855,active-noncovalent
Cc1ccncc1NC(=O)Cc2cccc(c2)C(=O)N,ANN-UNI-98d2bf15-2,3-aminopyridine-like,,0.535,,2.6551055000000003,-5.830779,,,True,-9.827348,x0678,-7.22556,active-noncovalent
CCc1cccc(c1NC(=O)[C@@H](c2cccnc2)N(c3ccc4c(c3)scn4)C(=O)C=C)C,LON-WEI-b8d98729-48,3-aminopyridine-like,0.0,,,7.673316000000001,10.6954605,,,True,-9.825908,x0678,-7.31875,active-noncovalent
c1ccc(cc1)CCCc2cccc(c2)NC(=O)Cc3cncnc3,BAR-COM-4e090d3a-11,3-aminopyridine-like,0.0,0.0,,1.12288025,10.109647,,,True,-9.786640,x0678,-8.731497,active-noncovalent
Cc1coc(n1)NC(=O)Nc2cccnc2,DAR-DIA-842b4336-7,3-aminopyridine-like,2.7575,8.515,,2.9070655,8.855559,,,True,-9.765095,x0678,-4.771683,active-noncovalent
Cc1ccncc1NC(=O)Nc2cccc(c2)Cl,TRY-UNI-714a760b-12,3-aminopyridine-like,25.5825,64.13499999999999,45.68926278614792,32.14497,58.708675,64.41361051443023,4.191022357069093,True,-9.759779,x0678,-5.205123,active-noncovalent
Cc1cnn(c1)c2ccncc2NC(=O)Cn3cc(c4c3cccc4)C,BAR-COM-0f94fc3d-20,3-aminopyridine-like,,0.0,,-8.606670000000001,-0.4173419999999999,,,True,-9.756511,x0678,-6.59235,active-noncovalent
COc1ccc(cc1)NC(=O)[C@@H](c2cccnc2)N(c3ccc(cc3)C(F)(F)F)C(=O)C=C,LON-WEI-b8d98729-27,3-aminopyridine-like,59.98080035,,26.94728405764048,40.32765000000001,60.67628000000001,45.99567281660222,4.33728302397643,True,-9.748765,x0678,-6.149968,active-noncovalent
CCc1cccc(c1NC(=O)[C@@H](c2cccnc2)N(c3cc(on3)C(C)(C)C)C(=O)C=C)C,LON-WEI-b8d98729-46,3-aminopyridine-like,1.4898559085,,,7.333488000000001,21.050805,,,True,-9.738724,x0678,-7.248849,active-noncovalent
CS(=O)(=O)NCC[C@H]1CCCC[N@@H+]1CC(=O)Nc2cccnc2,BEN-DND-362d364a-10,3-aminopyridine-like,-1.62,-1.205,,,48.92015,,,True,-9.718414,x0678,-4.654175,active-noncovalent
Cc1ccncc1NC(=O)Cc2cccc(c2)I,JAN-GHE-83b26c96-13,3-aminopyridine-like,,64.32450713350744,,17.41274,39.673875,,,True,-9.714088,x0678,-6.401519,active-noncovalent
C=CC(=O)N(c1ccc2c(c1)scn2)[C@H](c3cccnc3)C(=O)Nc4ccc(cc4)Br,LON-WEI-b8d98729-9,3-aminopyridine-like,3.05427925,,,17.384325,34.855450000000005,,,True,-9.680697,x0678,-5.47555,active-noncovalent
C=CC(=O)N(c1ccc(cc1)C(F)(F)F)[C@H](c2cccnc2)C(=O)Nc3ccccc3Br,LON-WEI-b8d98729-41,3-aminopyridine-like,9.599967044,,,15.601375,22.04782,,,True,-9.680184,x0678,-7.318029,active-noncovalent
c1cc(cc(c1)Cl)NC(=O)Nc2cc(cnc2)N,DAR-DIA-23aa0b97-13,3-aminopyridine-like,15.185,39.42,,,14.95938,,,True,-9.678142,x0678,-6.213734,active-noncovalent
CCC(C)(C)c1ccc(cc1)N([C@H](c2cccnc2)C(=O)Nc3ccc(cc3)Br)C(=O)C=C,LON-WEI-b8d98729-35,3-aminopyridine-like,0.0,,,8.3185375,18.35956,,,True,-9.675431,x0678,-4.585917,active-noncovalent
Cc1ccncc1NC(=O)CN2c3cc(ccc3OCC2=O)Cl,BAR-COM-0f94fc3d-48,3-aminopyridine-like,,67.195,,32.761255,49.274905,,,True,-9.654963,x0678,-5.455247,active-noncovalent
CC(=O)NCc1cccc(c1)NC(=O)Cc2cncnc2,RAL-MED-2de63afb-12,3-aminopyridine-like,,0.0,,3.1481172500000003,6.2182875000000015,,,True,-9.612895,x0678,-6.260509,active-noncovalent
Cc1cnncc1NC(=O)Cc2cccc(c2)Cl,EDG-MED-0da5ad92-16,3-aminopyridine-like,,13.82873978309464,,-3.562807,-2.6476915,,,True,-9.582313,x0678,-7.035039,active-noncovalent
c1cc(cc(c1)Cl)CC(=O)Nc2cnccn2,JAN-GHE-5a013bed-8,3-aminopyridine-like,,0.0,,3.7111625,13.314419999999998,,,True,-9.569855,x0678,-8.783582,active-noncovalent
Cc1ccc(s1)NC(=O)Cc2cc3cccnc3[nH]2,DAR-DIA-842b4336-18,3-aminopyridine-like,,7.423525196,,23.743935,8.2806935,,,True,-9.557564,x0678,-5.598056,active-noncovalent
Cc1ccc(cn1)NC(=O)Cc2cccc(c2)Cl,EDG-MED-0da5ad92-13,3-aminopyridine-like,,0.0,,0.35968310000000003,3.352639,,,True,-9.534226,x0678,-5.911059,active-noncovalent
Cc1ccncc1NC(=O)Cc2cccc(c2)O[C@H]3CC(=O)N3,BRU-LEF-c49414a7-1,3-aminopyridine-like,,0.0,,5.501569999999999,16.656155,,,True,-9.514392,x0678,-5.075375,active-noncovalent
Cc1ccncc1NC(=O)Cc2cc(cc(c2)Cl)O[C@H]3CC(=O)N3,TRY-UNI-2eddb1ff-7,3-aminopyridine-like,,87.191315835,99.0,94.4703,97.00562,3.609856311923299,5.4425100845710075,True,-9.505441,x0678,-4.395097,active-noncovalent
c1cc(cnc1)NC(=O)Nc2ccc(s2)Cl,DAR-DIA-842b4336-4,3-aminopyridine-like,0.0,35.74,,8.8541305,23.74839,,,True,-9.498690,x0678,-4.896461,active-noncovalent
Cc1ccncc1NC(=O)C(=C2CC2)C,ERI-UCB-5b47150d-4,3-aminopyridine-like,,0.0,,2.1124235,-8.02258,,,True,-9.493248,x0678,-5.735435,active-noncovalent
C[C@@H](c1cnccn1)C(=O)Nc2cccc(c2)NC3CCCC3,BAR-COM-4e090d3a-20,3-aminopyridine-like,0.0,-2.145,,-2.7667655,0.913150745,,,True,-9.470178,x0678,-4.612346,active-noncovalent
Cc1c(cccn1)NC(=O)Cc2cccc(c2)Cl,EDG-MED-0da5ad92-14,3-aminopyridine-like,,0.0,,-4.5913685,-3.8985492999999996,,,True,-9.431632,x0678,-6.700199,active-noncovalent
C[C@@H](c1ccc(cc1)N([C@H](c2cccnc2)C(=O)Nc3ccccc3Br)C(=O)C=C)OC,LON-WEI-b8d98729-19,3-aminopyridine-like,0.0,,,3.0428534,9.734811500000001,,,True,-9.416992,x0678,-6.82225,active-noncovalent
CCC(C)(C)c1ccc(cc1)N([C@H](c2cccnc2)C(=O)Nc3cccc(c3C)F)C(=O)C=C,LON-WEI-b8d98729-36,3-aminopyridine-like,3.7850863275,,,16.262435,31.816609999999997,,,True,-9.404097,x0678,-4.759503,active-noncovalent
c1cc(cc(c1)Cl)CC(=O)Nn2cn[nH]c2=O,JAN-GHE-5a013bed-4,3-aminopyridine-like,,7.935,,0.4051425,0.7866452349999999,,,True,-9.396959,x0678,-8.225831,active-noncovalent
c1cc(cc(c1)Cl)CC(=O)Nc2nncs2,JAN-GHE-5a013bed-7,3-aminopyridine-like,,0.0,,-9.944688000000001,-3.0490000000000004,,,True,-9.365858,x0678,-6.89732,active-noncovalent
CCc1cccc(c1)NC(=O)[C@@H](c2cccnc2)N(c3ccc(c(c3)C)N(C)C)C(=O)C=C,LON-WEI-b8d98729-16,3-aminopyridine-like,0.0,,,7.0478900000000015,11.734435000000001,,,True,-9.358537,x0678,-6.794945,active-noncovalent
C[C@@H](c1ccc(cc1)N([C@H](c2cccnc2)C(=O)Nc3ccc(cc3)Cl)C(=O)C=C)OC,LON-WEI-b8d98729-22,3-aminopyridine-like,0.0,,,12.27796,26.09074,,,True,-9.358341,x0678,-5.627676,active-noncovalent
CCC(C)(C)c1ccc(cc1)N([C@H](c2cccnc2)C(=O)Nc3ccccc3Br)C(=O)C=C,LON-WEI-d1c9908a-12,3-aminopyridine-like,0.0,8.025,,,-11.47216,,,True,-9.350806,x0678,-5.235539,active-noncovalent
Cc1cc(cc(c1)NC(=O)Cn2cncc2C)C,JAG-UCB-a3ef7265-12,3-aminopyridine-like,,0.0,,-2.2051125,2.7217315,,,True,-9.317118,x0678,-7.063284,active-noncovalent
Cc1cc(ccc1NC(=O)[C@@H](c2cccnc2)N(c3cc(on3)C(C)(C)C)C(=O)C=C)OC,LON-WEI-b8d98729-43,3-aminopyridine-like,14.308904645,,,12.87613,23.43133,,,True,-9.313096,x0678,-4.562419,active-noncovalent
Cc1cc(ccc1N(C)C)N([C@H](c2cccnc2)C(=O)Nc3ccc(cc3C)OC)C(=O)C=C,LON-WEI-b8d98729-30,3-aminopyridine-like,0.0,,,2.5093175,7.00835,,,True,-9.300677,x0678,-7.302716,active-noncovalent
c1cc(cc(c1)Cl)NC(=O)Nc2cccnc2,DAR-DIA-23aa0b97-14,3-aminopyridine-like,,44.05982376331718,,12.85786,30.92173,,,True,-9.273904,x0678,-5.554714,active-noncovalent
CCc1cccc(c1NC(=O)[C@@H](c2cccnc2)N(c3cc([nH]n3)C(C)(C)C)C(=O)C=C)C,LON-WEI-b8d98729-20,3-aminopyridine-like,0.0,,,4.0468147000000005,4.7055155,,,True,-9.250729,x0678,-7.280655,active-noncovalent
c1ccc2c(c1)c(=O)n(cn2)NC(=O)Cc3cccc(c3)Cl,JAN-GHE-5a013bed-3,3-aminopyridine-like,,0.0,,70.86070000000002,87.0438,8.645464173907452,5.063211684546804,True,-9.228185,x0678,-5.837351,active-noncovalent
Cc1ccncc1NC(=O)CC2(CC2)OC,MAT-POS-590ac91e-9,3-aminopyridine-like,,0.0,,-5.470909,13.8431555,,,True,-9.212891,x0678,-6.020109,active-noncovalent
Cc1c(n(nn1)NC(=O)Cc2cccc(c2)Cl)C,JAN-GHE-5a013bed-1,3-aminopyridine-like,,28.659433152450706,,39.57277000000001,70.40507500000002,14.162565202838712,4.848858077681565,True,-9.192246,x0678,-6.481982,active-noncovalent
Cc1ccncc1NC(=O)Nc2cc(cnc2)C#N,CHR-SOS-363cfb78-2,3-aminopyridine-like,,15.54,,3.673195,3.96325,,,True,-9.172102,x0678,-5.612185,active-noncovalent
CCc1cccc(c1)NC(=O)[C@@H](c2cccnc2)N(c3ccc(cc3)C4(CC4)C)C(=O)C=C,LON-WEI-d1c9908a-6,3-aminopyridine-like,4.5299999999999985,47.21,,,21.022389999999998,99.03000000000002,,True,-9.139188,x0678,-5.510109,active-noncovalent
c1cc(cc(c1)Cl)CC(=O)Nc2[n-]nnn2,JAN-GHE-5a013bed-11,3-aminopyridine-like,,27.162015770165617,,23.335045,49.133815000000006,45.28670943122256,4.344029234357449,True,-9.135826,x0678,-5.741053,active-noncovalent
c1cc(cc(c1)NC(=O)Cc2cncnc2)[C@@H]3CC(=O)NC3,RAL-MED-2de63afb-3,3-aminopyridine-like,,0.0,,3.83430965,10.797005,,,True,-9.135734,x0678,-7.496739,active-noncovalent
Cc1ccncc1NC(=O)c2cccc(c2)NC(=O)Nc3cccnc3,MAK-UNK-129dcd6f-9,3-aminopyridine-like,2.3777708824086474,1.2709463879521792,,,-23.32078,,,True,-9.129883,x0678,-5.466348,active-noncovalent
Cc1cccc(n1)NC(=O)Cn2cncc2C,JAG-UCB-a3ef7265-14,3-aminopyridine-like,,0.0,,-1.2961575,-3.38227345,,,True,-9.112438,x0678,-7.116759,active-noncovalent
c1ccc(c(c1)NC(=O)[C@H](c2cccnc2)O)NS(=O)(=O)c3ccc(cc3)F,BAR-COM-4e090d3a-57,3-aminopyridine-like,0.0,0.0,,,49.7127,,,True,-9.098339,x0678,-6.446322,active-noncovalent
CCc1cccc(c1)NC(=O)[C@@H](c2cccnc2)N(c3cc(on3)C(C)(C)C)C(=O)C=C,LON-WEI-b8d98729-15,3-aminopyridine-like,6.7860531265,,,15.58244,43.080275,99.01,,True,-9.098002,x0678,-4.549341,active-noncovalent
Cc1ccncc1NC(=O)Cc2cccc(c2)S(=O)(=O)N,EDJ-MED-e58735b6-3,3-aminopyridine-like,,11.54,,11.1451625,6.2286075,,,True,-9.091099,x0678,-5.409214,active-noncovalent
Cc1ccncc1NC(=O)Nc2cccc(c2)C#N,TRY-UNI-714a760b-24,3-aminopyridine-like,23.7925,55.705,49.329213054573174,19.37242,44.289915,99.01,,True,-9.019551,x0678,-5.809767,active-noncovalent
c1cc(cc(c1)NC(=O)Nc2cc(cnc2)N)C#N,DAR-DIA-23aa0b97-8,3-aminopyridine-like,9.085,48.40000000000001,,,57.24191999999999,54.272963984987776,4.265416459843516,True,-9.005548,x0678,-6.139726,active-noncovalent
CC(C)(C)c1ccc(cc1)N([C@H](c2cccnc2)C(=O)NC3CCOCC3)C(=O)C=C,LON-WEI-adc59df6-39,3-aminopyridine-like,0.8409547847832002,31.08869107901318,,9.005827,0.6676884,,,True,-8.985720,x0678,-5.087429,active-noncovalent
Cc1c(cccc1F)NC(=O)[C@@H](c2cccnc2)N(c3ccc(cc3)C4(CC4)C)C(=O)C=C,LON-WEI-d1c9908a-13,3-aminopyridine-like,0.0,1.04,,,34.65425,,,True,-8.973389,x0678,-6.587409,active-noncovalent
c1cc(cnc1)NC(=O)Nc2ccc(cc2)C#N,ANN-UNI-26382800-3,3-aminopyridine-like,0.0,,,5.8158525,11.555689999999998,,,True,-8.960938,x0678,-4.956477,active-noncovalent
Cc1cc(cc(c1)Cl)NC(=O)Nc2cccnc2,WAR-XCH-eb7b662f-5,3-aminopyridine-like,0.0,35.39,,,12.72043,,,True,-8.949402,x0678,-5.134552,active-noncovalent
c1cc2cc[nH]c2c(c1)NC(=O)Cc3ccc(cc3)F,NAU-LAT-64f4b287-7,3-aminopyridine-like,,0.0,,-2.4308565,-33.890285,,,True,-8.936343,x0678,-7.725381,active-noncovalent
c1cc(cc(c1)NC(=O)[C@H](c2cccnc2)O)c3ccn[nH]3,BAR-COM-4e090d3a-68,3-aminopyridine-like,0.0,0.0,,,10.38241,,,True,-8.930996,x0678,-6.988405,active-noncovalent
CC1(CC1)c2ccc(cc2)N([C@H](c3cccnc3)C(=O)Nc4ccc(cc4)Cl)C(=O)C=C,LON-WEI-d1c9908a-2,3-aminopyridine-like,0.0,-0.6699999999999999,,,-9.807806,,,True,-8.878492,x0678,-5.441741,active-noncovalent
C[C@@H](c1cnccn1)C(=O)Nc2cccc(c2)O[C@H]3CC(=O)N3,BAR-COM-4e090d3a-53,3-aminopyridine-like,0.0,0.0,,,16.96057,,,True,-8.859419,x0678,-3.038799,active-noncovalent
Cc1c(cccc1F)NC(=O)[C@@H](c2cccnc2)N(c3ccc(cc3)C(C)(C)C)C(=O)C=C,LON-WEI-d1c9908a-9,3-aminopyridine-like,0.0,0.0,,,-14.820689999999999,,,True,-8.858815,x0434,-8.273301,active-noncovalent
Cc1cc(ccc1N(C)C)N([C@H](c2cccnc2)C(=O)Nc3ccc(cc3)Cl)C(=O)C=C,LON-WEI-b8d98729-11,3-aminopyridine-like,0.0,,,4.2636449999999995,12.105545,,,True,-8.809813,x0678,-5.408917,active-noncovalent
CC(C)(C)c1ccc(cc1)N([C@H](c2cccnc2)C(=O)NC3CCCC3)C(=O)C=C,LON-WEI-adc59df6-35,3-aminopyridine-like,0.0,1.6767437114194266,,-10.46988,-12.77713,,,True,-8.801700,x0678,-5.360233,active-noncovalent
Cc1cc(cc(c1Cl)C)NC(=O)Cn2cncc2C,JAG-UCB-a3ef7265-22,3-aminopyridine-like,,25.78,,2.903274,4.8820024,,,True,-8.780240,x0678,-6.052525,active-noncovalent
c1cc(cc(c1)O[C@H]2CC(=O)N2)NC(=O)Cc3cncnc3,BAR-COM-4e090d3a-39,3-aminopyridine-like,-2.075,8.105,,7.8632979999999995,22.773735000000002,,,True,-8.729742,x0678,-6.80773,active-noncovalent
Cc1nnc(s1)NC(=O)Cc2cccc(c2F)Cl,JAG-UCB-a3ef7265-10,3-aminopyridine-like,,0.0,,1.02107925,-14.821653500000002,,,True,-8.728844,x0678,-5.931528,active-noncovalent
c1cc(cnc1)NC(=O)Nc2cc(cnc2)Cl,DAR-DIA-23aa0b97-15,3-aminopyridine-like,0.0,-0.07499999999999996,,,16.82187,,,True,-8.696875,x0678,-5.036589,active-noncovalent
COc1cccc(c1)NC(=O)Nc2cccc(c2)C#N,ANN-UNI-26382800-6,3-aminopyridine-like,0.0,2.485,,5.1061144999999994,9.794888,,,True,-8.695646,x0678,-6.088238,active-noncovalent
Cc1cc(ccc1N(C)C)N([C@H](c2cccnc2)C(=O)Nc3ccc(cc3)Br)C(=O)C=C,LON-WEI-b8d98729-14,3-aminopyridine-like,0.0,,,3.4472285000000005,3.4251834999999997,,,True,-8.668908,x0678,-5.420321,active-noncovalent
Cc1cc(ccc1NC(=O)[C@@H](c2cccnc2)N(c3ccc(cc3)C(C)(C)C)C(=O)C=C)OC,LON-WEI-d1c9908a-3,3-aminopyridine-like,0.0,-2.2500000000000018,,,22.44898,99.03000000000002,,True,-8.657747,x0678,-4.790601,active-noncovalent
Cc1nnc(n1C)NC(=O)Cc2cccc(c2F)Cl,JAG-UCB-a3ef7265-4,3-aminopyridine-like,,0.0,,-12.704439500000001,-10.7713325,,,True,-8.638626,x0678,-6.080328,active-noncovalent
Cc1ccnc(c1)NC(=O)Cc2ccc3ccccc3c2,ALV-UNI-7ff1a6f9-45,3-aminopyridine-like,0.0,,,3.570383,8.233209,,,True,-8.631414,x0678,-5.726468,active-noncovalent
CC1(CC1)c2ccc(cc2)N([C@H](c3cccnc3)C(=O)Nc4ccc(cc4)Br)C(=O)C=C,LON-WEI-d1c9908a-11,3-aminopyridine-like,2.51,67.75,19.43059241679732,,47.05766,83.65200055298044,4.077523668344971,True,-8.623498,x0678,-5.02325,active-noncovalent
Cc1cc(ccc1N(C)C)N([C@H](c2cccnc2)C(=O)Nc3ccc(cc3)OC)C(=O)C=C,LON-WEI-8f408cad-10,3-aminopyridine-like,0.0,2.05,,2.561375,7.050717500000001,,,True,-8.614297,x0678,-5.815384,active-noncovalent
CC(C)(C)c1ccc(cc1)N([C@H](c2cccnc2)C(=O)Nc3ccccc3OC)C(=O)C=C,LON-WEI-adc59df6-18,3-aminopyridine-like,0.0,25.42037351920504,,26.26619,44.234359999999995,,,True,-8.612214,x0678,-6.108035,active-noncovalent
Cc1cc(ccc1N(C)C)N([C@H](c2cccnc2)C(=O)Nc3ccccc3Br)C(=O)C=C,LON-WEI-b8d98729-13,3-aminopyridine-like,0.0,,,2.8423830000000003,8.125432,,,True,-8.591227,x0678,-7.198636,active-noncovalent
c1cc(cc(c1)Cl)CC(=O)Nn2cnnc2,JAN-GHE-5a013bed-5,3-aminopyridine-like,,0.0,,-9.883389999999999,-21.628234000000006,,,True,-8.528146,x0678,-6.658324,active-noncovalent
CCc1cccc(c1NC(=O)[C@@H](c2cccnc2)N(c3ccc(cc3)C(F)(F)F)C(=O)C=C)C,LON-WEI-b8d98729-39,3-aminopyridine-like,23.933745075,,,22.265165000000003,38.632575,97.78883490712116,4.009710728188184,True,-8.520301,x0678,-6.695967,active-noncovalent
CCc1cccc(c1NC(=O)[C@@H](c2cccnc2)N(c3ccc(c(c3)C)N(C)C)C(=O)C=C)C,LON-WEI-b8d98729-42,3-aminopyridine-like,0.0,,,6.402893,13.24039,,,True,-8.426572,x0678,-6.746121,active-noncovalent
Cc1cc(ccc1NC(=O)[C@@H](c2cccnc2)N(c3ccc(cc3)C4(CC4)C)C(=O)C=C)OC,LON-WEI-d1c9908a-4,3-aminopyridine-like,0.0,0.0,,,6.082821,,,True,-8.421482,x0678,-3.686753,active-noncovalent
c1cc(cc(c1)NC(=O)Cc2c[nH]c3c2cccn3)C#N,DAR-DIA-23aa0b97-1,3-aminopyridine-like,0.0,,,2.74304045,2.9103890000000003,,,True,-8.415022,x0678,-7.617625,active-noncovalent
c1cc2cc[nH]c2c(c1)NC(=O)Cc3ccc(cc3)O,NAU-LAT-64f4b287-6,3-aminopyridine-like,,0.0,,-9.566452499999999,-4.9045215,,,True,-8.349189,x0678,-7.769951,active-noncovalent
Cc1c(c(n(n1)C(C)C)C)CC(=O)Nc2nncn2C3CC3,JAG-UCB-a3ef7265-19,3-aminopyridine-like,,5.2868667252392925,,-5.192722,-6.892272,,,True,-8.347310,x0678,-4.24514,active-noncovalent
c1cc(cc(c1)NC(=O)Nc2cccnc2)C#N,DAR-DIA-23aa0b97-5,3-aminopyridine-like,0.0,,,6.212941000000001,10.279247,,,True,-8.328056,x0678,-5.183513,active-noncovalent
CC(C)(C)c1nc(cs1)CC(=O)Nc2nnnn2C,JAG-UCB-a3ef7265-11,3-aminopyridine-like,,0.0,,1.851882,5.133212,,,True,-8.298035,x0678,-4.192642,active-noncovalent
COc1ccc(cc1)NC(=O)[C@@H](c2cccnc2)N(c3ccc(cc3)SC)C(=O)C=C,LON-WEI-b8d98729-47,3-aminopyridine-like,0.0,,,13.534070000000002,27.046190000000003,,,True,-8.211022,x0678,-5.546084,active-noncovalent
CC1(CC1)c2ccc(cc2)N([C@H](c3cccnc3)C(=O)Nc4ccc(cc4)OC)C(=O)C=C,LON-WEI-d1c9908a-5,3-aminopyridine-like,0.0,0.0,,,12.60155,,,True,-8.190003,x0678,-4.102943,active-noncovalent
Cc1c(c[nH]n1)NC(=O)Cc2cccc(c2)Cl,EDG-MED-0da5ad92-21,3-aminopyridine-like,,52.129217931090785,99.0,3.6405765,6.9253680000000015,,,True,-8.186812,x0434,-8.183157,active-noncovalent
CC(C)(C)c1ccc(cc1)N([C@H](c2cccnc2)C(=O)Nc3ccc(nc3)OC)C(=O)C=C,LON-WEI-adc59df6-37,3-aminopyridine-like,0.0,0.0,,1.0755620000000001,13.399289999999999,,,True,-8.158406,x0678,-4.055161,active-noncovalent
c1ccc(cc1)CCOc2cccc(c2)NC(=O)Cc3cccnc3Cl,BAR-COM-4e090d3a-15,3-aminopyridine-like,0.0,5.025,,1.542335,6.898822999999999,,,True,-8.133649,x0678,-6.521761,active-noncovalent
c1cc(cnc1)NC(=O)Nc2cc(cc(c2)Cl)C#N,WAR-XCH-eb7b662f-2,3-aminopyridine-like,6.7825000000000015,36.54,,23.03763,43.902085,99.01,,True,-8.034250,x0678,-5.10216,active-noncovalent
Cc1cnn(c1NC(=O)Cc2cccc(c2)Cl)C,EDJ-MED-49816e9b-3,3-aminopyridine-like,,23.102850216626816,,3.1091525,5.0604005,,,True,-8.033812,x0678,-7.248595,active-noncovalent
C[C@H](c1cccc(c1)NC(=O)Cc2cnccc2Cl)[NH+]3CCOCC3,BAR-COM-4e090d3a-66,3-aminopyridine-like,0.0,3.865,,2.1187109,3.916605,,,True,-8.026258,x0434,-7.394114,active-noncovalent
c1ccc(cc1)c2ccncc2NC(=O)Cc3cc4c(c(c3)Cl)OCCO4,BAR-COM-0f94fc3d-40,3-aminopyridine-like,,0.0,,-45.13978,-10.369000999999999,,,True,-8.022887,x0678,-5.700099,active-noncovalent
CC(C)(C)c1ccc(cc1)N([C@H](c2cccnc2)C(=O)Nc3ccc(cc3OC)OC)C(=O)C=C,LON-WEI-adc59df6-45,3-aminopyridine-like,5.0293563187595325,45.87330743918001,,48.913999999999994,41.627340000000004,6.474407770575732,5.188799951375524,True,-8.004340,x0678,-4.052991,active-noncovalent
Cc1cc(ccc1NC(=O)[C@@H](c2cccnc2)N(c3ccc(cc3)C(C)(C)C)C(=O)C=C)F,LON-WEI-adc59df6-16,3-aminopyridine-like,,1.370825841,,5.6117155,13.863864999999999,,,True,-7.989073,x0678,-5.463501,active-noncovalent
c1cc(cc(c1)Cl)CC(=O)Nc2cccnc2C#N,AGN-NEW-c7b24fe3-4,3-aminopyridine-like,0.0,0.0,,-10.232289999999999,-15.721029999999999,,,True,-7.949581,x0678,-6.011453,active-noncovalent
c1cc(cc(c1)Cl)NC(=O)Cc2c[nH]c3c2cccn3,DAR-DIA-23aa0b97-12,3-aminopyridine-like,0.0,,,5.9493315,9.3436955,,,True,-7.947905,x0678,-7.218801,active-noncovalent
COc1ccnc(c1)NC(=O)Cc2ccc3ccccc3c2,ALV-UNI-7ff1a6f9-47,3-aminopyridine-like,0.0,17.05,,3.4712445,6.0932985,,,True,-7.926646,x0678,-6.484867,active-noncovalent
CC(C)(C)c1ccc(cc1)N([C@H](c2cccnc2)C(=O)Nc3ccc(cc3)OC)C(=O)C=C,LON-WEI-d1c9908a-7,3-aminopyridine-like,0.0,0.0,,,12.04676,,,True,-7.924358,x0678,-4.682277,active-noncovalent
Cc1cccc(c1)CC(=O)Nc2cccnc2C#N,AGN-NEW-c7b24fe3-3,3-aminopyridine-like,0.0,,,8.399017,-5.939392,,,True,-7.894127,x0678,-6.236771,active-noncovalent
c1cc(cc(c1)Cl)CC(=O)Nc2c[nH]ccc2=O,ALP-POS-95b75b4d-6,3-aminopyridine-like,,0.0,,0.013454999999999995,-2.059689,,,True,-7.878711,x0434,-7.742445,active-noncovalent
Cc1c(c(on1)C)NC(=O)Cc2cccc(c2Cl)Cl,JAG-UCB-a3ef7265-9,3-aminopyridine-like,,0.0,,-2.3037822500000003,-6.85461825,,,True,-7.873509,x0678,-7.043494,active-noncovalent
c1ccc2cc(ccc2c1)CC(=O)Nc3cc(ccn3)C(F)(F)F,ALV-UNI-7ff1a6f9-46,3-aminopyridine-like,10.9925,29.335,,-2.5522446000000003,3.4262504999999996,,,True,-7.761757,x0678,-5.203538,active-noncovalent
Cc1ccncc1NC(=O)Cc2ccc(cc2)S(=O)(=O)N,GAB-REV-70cc3ca5-20,3-aminopyridine-like,6.415,-0.9400000000000002,,4.7612595,10.89574,,,True,-7.737815,x0678,-5.082332,active-noncovalent
Cc1cc(ccc1NC(=O)[C@@H](c2cccnc2)N(c3ccc(cc3)SC)C(=O)C=C)OC,LON-WEI-b8d98729-40,3-aminopyridine-like,0.0,,,8.266012,22.24457,,,True,-7.714194,x0678,-5.075765,active-noncovalent
c1cc(cc(c1)NC(=O)Nc2c[nH]c3c2cccn3)C#N,DAR-DIA-23aa0b97-11,3-aminopyridine-like,0.0,19.905,,,47.31524,63.55492520404372,4.196850788051664,True,-7.613406,x0678,-7.477009,active-noncovalent
Cc1cc(cc(c1)NC(=O)Cc2cnn(c2C)C)C,JAG-UCB-a3ef7265-13,3-aminopyridine-like,,0.0,,-12.146806,-5.2768265,,,True,-7.613355,x0678,-6.734712,active-noncovalent
c1ccc2c(c1)[nH]c(=O)n2CC(=O)Nc3cccc(c3)Cl,BEN-DND-61647d40-14,3-aminopyridine-like,,0.0,,-4.2771705,-9.7805215,,,True,-7.587158,x0678,-6.471819,active-noncovalent
CCc1nnnn1c2ccccc2NC(=O)C3(CC3)c4cc(cnc4)Br,BAR-COM-4e090d3a-16,3-aminopyridine-like,0.0,0.0,,,10.204080000000001,,,True,-7.572135,x0678,-4.299316,active-noncovalent
CC(C)(C)c1ccc(cc1)N([C@H](c2cccnc2)C(=O)Nc3ccc4c(c3)OCO4)C(=O)C=C,LON-WEI-adc59df6-43,3-aminopyridine-like,,100.0,,41.057629999999996,60.383215,36.06806763615854,4.442877124591358,True,-7.494522,x0678,-5.595257,active-noncovalent
CC(C)(C)c1ccc(cc1)N([C@H](c2cccnc2)C(=O)Nc3ccc4c(c3)OCCO4)C(=O)C=C,LON-WEI-adc59df6-4,3-aminopyridine-like,7.675063767866262,30.765444333455115,,2.828568,18.070079999999997,,,True,-7.483911,x0678,-4.645708,active-noncovalent
CCc1cccc(c1)NC(=O)[C@@H](c2cccnc2)N(c3ccc(cc3)[C@H](C)OC)C(=O)C=C,LON-WEI-b8d98729-17,3-aminopyridine-like,4.444303831,,99.0,36.569340000000004,63.733785,66.38703474922445,4.177916729166141,True,-7.313599,x0678,-5.660915,active-noncovalent
c1cc(cc(c1)OCCn2cncn2)NC(=O)Cc3cccnc3Br,BAR-COM-4e090d3a-35,3-aminopyridine-like,0.0,0.0,,,-21.715870000000002,,,True,-7.292602,x0678,-5.923429,active-noncovalent
c1cc(cc(c1)Cl)CC(=O)Nc2cnns2,JAN-GHE-5a013bed-6,3-aminopyridine-like,,48.663734816489075,,4.120153500000001,3.342711,,,True,-7.224826,x0678,-6.208162,active-noncovalent
Cc1cc(ccc1NC(=O)[C@@H](c2cccnc2)N(c3ccc(nc3)C(C)C)C(=O)C=C)OC,LON-WEI-b8d98729-26,3-aminopyridine-like,0.0,,,6.5587765000000005,10.390333,,,True,-7.221618,x0678,-5.551109,active-noncovalent
CC(=O)N1CC[NH+](CC1)CC(=O)Nc2cccc(c2)S(=O)(=O)N,LON-WEI-b8d98729-4,3-aminopyridine-like,0.0,,,-3.1208099999999996,2.6341365000000003,,,True,-7.198962,x0678,-4.089429,active-noncovalent
Cc1cc(cc(c1)CC(=O)Nc2nncn2C)C,JAG-UCB-a3ef7265-18,3-aminopyridine-like,,0.0,,-0.7908505,-11.527954,,,True,-7.051292,x0678,-5.847171,active-noncovalent
Cc1c(c(n(n1)C)OC)NC(=O)Cc2cccc(c2Cl)Cl,JAG-UCB-a3ef7265-8,3-aminopyridine-like,,0.0,,2.7770125,2.1942745,,,True,-6.827847,x0678,-6.711001,active-noncovalent
CC(C)(C)c1ccc(cc1)N([C@H](c2cccnc2)C(=O)NC3CCCCC3)C(=O)C=C,LON-WEI-adc59df6-8,3-aminopyridine-like,0.0,18.563245965745924,,13.34339,17.809070000000002,,,True,-6.806434,x0678,-5.569283,active-noncovalent
CC(C)(C)c1ccc(cc1)N([C@H](c2cccnc2)C(=O)N[C@H]3CC[C@H](C3)C(=O)OC)C(=O)C=C,LON-WEI-adc59df6-6,3-aminopyridine-like,0.0,6.959133874998193,,7.310613,22.161189999999998,,,True,-6.778266,x0678,-3.845188,active-noncovalent
CCc1cccc(c1NC(=O)[C@@H](c2cccnc2)N(c3ccc(cc3)C4(CC4)C)C(=O)C=C)C,LON-WEI-d1c9908a-8,3-aminopyridine-like,0.0,20.395,,,20.94313,,,True,-6.438222,x0678,-5.883657,active-noncovalent
c1ccc(cc1)CC(=O)Nc2cccc(c2)O[C@H]3CC(=O)N3,RAL-MED-2de63afb-6,3-aminopyridine-like,,0.0,,-2.2828535,-0.8075459999999999,,,True,-6.354199,x0678,-6.189013,active-noncovalent
CCc1cccc(c1NC(=O)[C@@H](c2cccnc2)N(c3ccc(cc3)SC)C(=O)C=C)C,LON-WEI-b8d98729-2,3-aminopyridine-like,0.0,,,11.082635,24.534565,,,True,-6.295724,x0678,-5.925219,active-noncovalent
Cc1cc(ccc1NC(=O)[C@@H](c2cccnc2)N(c3ccc(cc3)[C@H](C)OC)C(=O)C=C)OC,LON-WEI-b8d98729-8,3-aminopyridine-like,0.0,,,2.909986,6.899891,,,True,-6.061841,x0678,-4.474208,active-noncovalent
Cn1cc(cc1CC(=O)Nc2cccc(c2)C(=O)NCc3ccccn3)S(=O)(=O)N,IAN-BAS-36ca50f1-1,3-aminopyridine-like,,0.0,,-21.517416,-0.595988693,,,True,-6.049446,x0434,-4.809608,active-noncovalent
CC(C)(C)c1ccc(cc1)N([C@H](c2cccnc2)C(=O)NC3CC(C3)C(=O)OC)C(=O)C=C,LON-WEI-adc59df6-1,3-aminopyridine-like,0.0,0.0,,5.695664,4.242857,,,True,-5.721620,x0678,-5.045855,active-noncovalent
CC(C)(C)OC(=O)Nc1ccc(cc1)N(C)C(=O)Cc2c3ccccc3on2,AAR-POS-8a4e0f60-9,3-aminopyridine-like,0.0,,,-14.470329999999999,-11.94555,,,True,-5.507625,x0678,-4.26045,active-noncovalent
CN(c1ccc(cc1)Oc2ccc(cn2)C(F)(F)F)C(=O)Cn3c4ccccc4nn3,AAR-POS-8a4e0f60-7,3-aminopyridine-like,,19.206494216027004,,30.19718,59.367865,37.832368521171496,4.422136468554594,True,-5.427140,x0434,-3.685642,active-noncovalent
Cc1ccncc1NC(=O)c2ccc(cc2)NC(=O)Nc3cccnc3,MAK-UNK-129dcd6f-12,3-aminopyridine-like,3.0970616523530907,0.0,,,-23.02358,,,True,-5.274630,x0434,-3.335498,active-noncovalent
c1cc(sc1)C[NH+]2CCN(CC2)C(=O)C(=O)Nc3ccc(cc3)Oc4ncccn4,MAK-UNK-b1d4dcd7-3,3-aminopyridine-like,0.0,,,-20.9558,-13.82419,,,True,-5.237003,x0678,-1.111828,active-noncovalent
CCc1cccc(c1NC(=O)[C@@H](c2cccnc2)N(c3ccc(cc3)[C@H](C)OC)C(=O)C=C)C,LON-WEI-b8d98729-45,3-aminopyridine-like,0.0,,,5.9039575,3.935542,,,True,-5.119139,x0678,-5.066945,active-noncovalent
c1cc(cnc1)NC(=O)Nc2ccc(cc2)Nc3ccc(cn3)C#N,MAK-UNK-30aad1f1-12,3-aminopyridine-like,0.0,0.0,,-1.3067280000000001,-3.6965660000000002,,,True,-3.212160,x0434,-1.890018,active-noncovalent
